nju-边捷-0415	边捷		|assoc:博士后	790
nju-柏冲-0416	柏冲		|assoc:博士后	748
nju-陈家璧-0417	陈家璧		|assoc:博士后	750
nju-陈强-0418	陈强		|assoc:博士后	748
nju-christopherjosephbutch-0419	CHRISTOPHERJOSEPHBUTCH		|assoc:博士后	1604
nju-陈涵-0420	陈涵		|assoc:博士后	770
nju-陈延峰-0421	陈延峰	教授;杰青;长江学者;院士	中国科学院院士|assoc:副教授,博士后	23757
nju-chuchungmingpaul-0422	CHUCHUNGMINGPAUL	教授;研究员	教授|assoc:博士后	1111
nju-陈伟-0423	陈伟		|assoc:博士后	748
nju-程远-0424	程远	研究员	研究员|assoc:副研究员,博士后	1053
nju-陈鹏-0425	陈鹏		|assoc:博士后	748
nju-陈晓-0426	陈晓		|assoc:博士后	767
nju-陈向飞-0427	陈向飞	教授	教授|assoc:副教授,博士后,工程师,讲师	2157
nju-崔玉双-0428	崔玉双		|assoc:博士后,工程师	766
nju-曹文武-0429	曹文武	教授;研究员	教授|assoc:副教授,副研究员,助理教授,助理研究员,博士后	2099
nju-陈兰-0430	陈兰		|assoc:博士后	748
nju-褚世勇-0431	褚世勇		|assoc:博士后	750
nju-崔恩田-0432	崔恩田		|assoc:博士后	750
nju-崔妍-0433	崔妍			243
nju-邓昱-0434	邓昱		|assoc:博士后	2841
nju-丁煜-0435	丁煜	教授	教授|assoc:副教授,博士后	5614
nju-丁舒林-0436	丁舒林	研究员	研究员|assoc:副研究员,博士后	907
nju-董鹏玉-0437	董鹏玉		|assoc:博士后	750
nju-杜微-0438	杜微		|assoc:博士后	748
nju-丁怀平-0439	丁怀平		|assoc:博士后	750
nju-邓正涛-0440	邓正涛	教授	教授|assoc:博士后	26719
nju-冯建勇-0441	冯建勇		|assoc:博士后	750
nju-付慧婷-0442	付慧婷	教授;研究员	教授|assoc:副教授,博士后	6417
nju-方涛-0443	方涛		|assoc:博士后	748
nju-faheemmuhammad-0444	FAHEEMMUHAMMAD		|assoc:博士后	774
nju-冯昆鹏-0445	冯昆鹏		|assoc:博士后	750
nju-顾婷婷-0446	顾婷婷		|assoc:博士后	750
nju-葛士军-0447	葛士军	研究员	研究员|assoc:副研究员,博士后	823
nju-郭少华-0448	郭少华	教授;研究员	教授|assoc:副教授,副研究员,助理研究员,博士后	3273
nju-郭林-0449	郭林		|assoc:博士后	748
nju-管福鑫-0450	管福鑫	教授	教授|assoc:副教授,助理教授,博士后	3603
nju-高雨迪-0451	高雨迪		|assoc:博士后	798
nju-郭盛佳-0452	郭盛佳		|assoc:博士后	797
nju-葛浩-0453	葛浩	研究员	研究员|assoc:副研究员,博士后	800
nju-顾坚-0454	顾坚		|assoc:博士后	748
nju-高彦峰-0455	高彦峰	研究员	研究员|assoc:助理研究员,博士后,工程师	872
nju-葛海雄-0456	葛海雄	教授	教授|assoc:博士后	998
nju-顾正彬-0457	顾正彬	教授	教授|assoc:副教授,博士后	1138
nju-高峰-0458	高峰	教授	教授|assoc:副教授,博士后	1056
nju-何平-0459	何平	教授;杰青;研究员;长江学者	教授|assoc:副教授,博士后	7483
nju-霍鹏程-0460	霍鹏程	教授;研究员	教授|assoc:副研究员,助理教授,博士后	3960
nju-花雨-0461	花雨		|assoc:博士后	795
nju-黄唯纯-0462	黄唯纯	研究员	研究员|assoc:副研究员,博士后	5426
nju-郝玉峰-0463	郝玉峰	教授	教授|assoc:博士后	8508
nju-韩露-0464	韩露	教授;研究员	教授|assoc:副教授,副研究员,博士后	3265
nju-何程-0465	何程	教授;研究员	教授|assoc:副教授,副研究员,博士后	4678
nju-韩金峰-0466	韩金峰	研究员	研究员|assoc:博士后	4116
nju-胡勇-0467	胡勇			236
nju-胡小鹏-0468	胡小鹏	教授;院士	院士|assoc:副教授,博士后,讲师	5370
nju-韩燕玲-0469	韩燕玲		|assoc:博士后	750
nju-韩民-0470	韩民	教授;研究员	教授|assoc:副教授,助理研究员,博士后,讲师	6959
nju-黄俊伟-0471	黄俊伟	教授;研究员	教授|assoc:副研究员,助理教授,助理研究员,博士后	6049
nju-胡逢睿-0472	胡逢睿	教授;研究员	教授|assoc:副教授,副研究员,博士后	4723
nju-胡伟-0473	胡伟	教授	教授|assoc:副教授,博士后,讲师	22731
nju-江伟-0474	江伟	教授	教授|assoc:副教授,博士后,工程师	3289
nju-姜校顺-0475	姜校顺		|assoc:博士后	750
nju-姜浩阳-0476	姜浩阳	研究员	研究员|assoc:副研究员,博士后	992
nju-解龙翔-0477	解龙翔		|assoc:博士后	750
nju-姜硕星-0478	姜硕星	教授	教授|assoc:副教授,博士后	5295
nju-季文斌-0479	季文斌		|assoc:博士后	750
nju-季殿祥-0480	季殿祥	教授	教授|assoc:副教授,助理教授,博士后	2679
nju-孔德圣-0481	孔德圣	教授	教授|assoc:博士后	1320
nju-刘飞-0482	刘飞		|assoc:博士后	748
nju-李少鹏-0483	李少鹏		|assoc:博士后	750
nju-陆骏-0484	陆骏		|assoc:博士后	748
nju-李会鹏-0485	李会鹏		|assoc:博士后	750
nju-罗文俊-0486	罗文俊	教授;杰青;研究员	教授|assoc:副教授,副研究员,博士后	7125
nju-李禄东-0487	李禄东	教授;研究员	教授|assoc:副研究员,助理教授,博士后	10870
nju-李辉-0488	李辉		|assoc:博士后,高级工程师	776
nju-刘欣丽-0489	刘欣丽		|assoc:博士后	750
nju-李涛-0490	李涛	教授	教授|assoc:副教授,博士后,讲师	6707
nju-刘史佳-0491	刘史佳		|assoc:博士后	750
nju-林仁兴-0492	林仁兴	教授;研究员	教授|assoc:副研究员,助理教授,博士后	7196
nju-刘治国-0493	刘治国		|assoc:博士后	750
nju-陆海鸣-0494	陆海鸣	教授	教授|assoc:副教授,博士后	2104
nju-陆延青-0495	陆延青	教授;长江学者	教授|assoc:博士后	1921
nju-鲁振达-0496	鲁振达	教授	教授|assoc:博士后	3107
nju-李宪磊-0497	李宪磊			238
nju-李穗奕-0498	李穗奕		|assoc:博士后	750
nju-李爱东-0499	李爱东	教授;研究员	教授|assoc:副教授,博士后,讲师	4403
nju-李恺-0500	李恺		|assoc:博士后	748
nju-刘晓平-0501	刘晓平		|assoc:博士后	750
nju-李晨-0502	李晨		|assoc:博士后,工程师,高级工程师	943
nju-李密-0503	李密	教授	教授|assoc:博士后	1427
nju-李世凤-0504	李世凤		|assoc:博士后	789
nju-罗亮-0505	罗亮		|assoc:博士后	797
nju-李志向-0506	李志向		|assoc:博士后	765
nju-卢明辉-0507	卢明辉	教授	教授|assoc:副教授,博士后,讲师	8024
nju-李会-0508	李会		|assoc:博士后	749
nju-李朝升-0509	李朝升	教授	教授|assoc:副教授,博士后,讲师	10264
nju-芦红-0510	芦红		|assoc:博士后	768
nju-刘洲-0511	刘洲		|assoc:博士后	753
nju-刘明泽-0512	刘明泽	教授;研究员	教授|assoc:助理教授,博士后	1252
nju-吕洋洋-0513	吕洋洋	教授;研究员	教授|assoc:助理教授,博士后	7379
nju-吕新杰-0514	吕新杰		|assoc:博士后	779
nju-李喆-0515	李喆	教授	教授|assoc:博士后	2556
nju-孟祥康-0516	孟祥康	教授	教授|assoc:副教授,博士后,讲师	1643
nju-马玲玲-0517	马玲玲			237
nju-毛鹏-0518	毛鹏	教授;研究员	教授|assoc:副教授,博士后	2854
nju-马玉洁-0519	马玉洁	研究员	研究员|assoc:副研究员,博士后	831
nju-牛善远-0520	牛善远	教授	教授|assoc:副教授,博士后	3260
nju-nieshuming-0521	NIESHUMING			245
nju-聂越峰-0522	聂越峰	教授;长江学者	教授|assoc:博士后	4968
nju-宁兴海-0523	宁兴海		|assoc:博士后	750
nju-潘晓晴-0524	潘晓晴		|assoc:博士后	750
nju-彭冲-0525	彭冲		|assoc:博士后	754
nju-潘冠军-0526	潘冠军	研究员	研究员|assoc:副研究员,博士后	4326
nju-权浩诚-0527	权浩诚	教授;研究员	教授|assoc:副教授,博士后	6747
nju-秦峰-0528	秦峰		|assoc:博士后	748
nju-钱怿文-0529	钱怿文		|assoc:博士后	750
nju-邱果-0530	邱果		|assoc:博士后	748
nju-秦亦强-0531	秦亦强	教授	教授|assoc:博士后	2478
nju-任鑫坤-0532	任鑫坤		|assoc:博士后	774
nju-阮亚平-0533	阮亚平		|assoc:博士后	750
nju-阮国静-0534	阮国静		|assoc:博士后	750
nju-宋万鸽-0535	宋万鸽	教授;研究员	教授|assoc:副教授,副研究员,助理研究员,博士后	4718
nju-shanmugavaniamirthalingam-0536	SHANMUGAVANIAMIRTHALINGAM		|assoc:博士后	796
nju-宋琰-0537	宋琰		|assoc:博士后	748
nju-宋茂文-0538	宋茂文	研究员	研究员|assoc:副研究员,博士后	799
nju-宋跃江-0539	宋跃江		|assoc:博士后	1379
nju-孙晓晨-0540	孙晓晨	教授;研究员	教授|assoc:副研究员,博士后	4714
nju-宋玉君-0541	宋玉君			237
nju-沈允育-0542	沈允育		|assoc:博士后	751
nju-孙安-0543	孙安	教授;研究员;院士	院士|assoc:博士后,工程师	1803
nju-谭海仁-0544	谭海仁	教授	教授|assoc:博士后	17210
nju-唐月锋-0545	唐月锋		|assoc:博士后	750
nju-田野-0546	田野	教授;研究员	教授|assoc:博士后	7337
nju-谭颖玲-0547	谭颖玲		|assoc:博士后	750
nju-铁祚庥-0548	铁祚庥		|assoc:博士后	750
nju-唐少春-0549	唐少春	教授;院士	院士|assoc:副教授,博士后,讲师	7946
nju-田慧-0550	田慧		|assoc:博士后	831
nju-王毅庆-0551	王毅庆			237
nju-王光辉-0552	王光辉	教授	教授|assoc:副教授,博士后	17834
nju-尉芹溪-0553	尉芹溪		|assoc:博士后	786
nju-王前进-0554	王前进		|assoc:博士后	809
nju-魏辉-0555	魏辉			236
nju-吴迪-0556	吴迪	教授	教授|assoc:副教授,博士后	3256
nju-王晓曼-0557	王晓曼		|assoc:博士后	794
nju-王顺-0558	王顺	教授	教授|assoc:副教授,博士后	5472
nju-王思怡-0559	王思怡		|assoc:博士后	777
nju-王钦-0560	王钦		|assoc:博士后	748
nju-万宬彰-0561	万宬彰	教授	教授|assoc:助理教授,博士后	3664
nju-王如意-0562	王如意		|assoc:博士后	750
nju-王瑜-0563	王瑜	教授;研究员	教授|assoc:博士后	4444
nju-王学斌-0564	王学斌	教授;研究员	教授|assoc:助理教授,博士后	8648
nju-王梅雨-0565	王梅雨		|assoc:博士后	750
nju-王列-0566	王列			236
nju-吴震-0567	吴震		|assoc:博士后	748
nju-王峰-0568	王峰	教授	教授|assoc:博士后,工程师	3543
nju-王磊-0569	王磊		|assoc:博士后	749
nju-武江洁星-0570	武江洁星		|assoc:博士后	752
nju-夏春生-0571	夏春生		|assoc:博士后	750
nju-徐挺-0572	徐挺	教授;研究员;长江学者	教授|assoc:博士后	3879
nju-徐飞feixu-0573	徐飞FeiXu	教授	教授|assoc:博士后	17895
nju-徐紫星-0574	徐紫星		|assoc:博士后	750
nju-肖如磊-0575	肖如磊	研究员	研究员|assoc:副研究员,博士后	755
nju-胥亮-0576	胥亮	教授;研究员	教授|assoc:助理教授,助理研究员,博士后	2867
nju-夏可宇-0577	夏可宇	教授;研究员;院士	院士|assoc:博士后	4824
nju-徐磊-0578	徐磊		|assoc:博士后	748
nju-谢婉芸-0579	谢婉芸		|assoc:博士后	784
nju-xdgc-0580	xdgc			238
nju-夏奕东-0581	夏奕东	教授	教授|assoc:副教授,博士后	961
nju-徐凝-0582	徐凝	教授	教授|assoc:副教授,博士后	6077
nju-相波-0583	相波		|assoc:博士后	752
nju-顼晓仪-0584	顼晓仪	教授	教授|assoc:副教授,助理教授,博士后	3809
nju-袁紫燕-0585	袁紫燕		|assoc:博士后	793
nju-于涵洋-0586	于涵洋	教授	教授|assoc:博士后	4340
nju-袁长胜-0587	袁长胜		|assoc:博士后	750
nju-袁洪涛-0588	袁洪涛	教授;长江学者;院士	院士|assoc:助理教授,博士后	13959
nju-袁敏敏-0589	袁敏敏		|assoc:博士后	751
nju-姚颖方-0590	姚颖方	教授;研究员;院士	院士|assoc:副教授,副研究员,博士后	9081
nju-于振涛-0591	于振涛	教授	教授|assoc:副教授,博士后	965
nju-尤其-0592	尤其		|assoc:博士后,讲师	867
nju-颜学俊-0593	颜学俊		|assoc:博士后	750
nju-闫世成-0594	闫世成	教授	教授|assoc:副教授,博士后,讲师	13015
nju-姚淑华-0595	姚淑华	教授	教授|assoc:博士后	7004
nju-余思远-0596	余思远	教授;研究员	教授|assoc:副教授,副研究员,博士后	3898
nju-喻春红-0597	喻春红	研究员	研究员|assoc:副研究员,博士后	822
nju-殷江-0598	殷江		|assoc:博士后	748
nju-叶德庄-0599	叶德庄			237
nju-杨玉荣-0600	杨玉荣	教授	教授|assoc:副教授,助理教授,博士后	3798
nju-于睿譞-0601	于睿譞		|assoc:博士后	750
nju-姚亚刚-0602	姚亚刚	教授;研究员	教授|assoc:副研究员,博士后	5810
nju-俞安斌-0603	俞安斌		|assoc:博士后	750
nju-袁玲-0604	袁玲		|assoc:博士后	779
nju-周军晓-0605	周军晓	教授;研究员	教授|assoc:副教授,博士后	9464
nju-张宇-0606	张宇		|assoc:博士后	749
nju-周剑峰-0607	周剑峰	教授	教授|assoc:副教授,博士后,讲师	1718
nju-臧文成-0608	臧文成		|assoc:博士后	776
nju-张勇-0609	张勇	教授	教授|assoc:副教授,博士后	1754
nju-邹辉-0610	邹辉		|assoc:博士后	748
nju-张利剑-0611	张利剑	长江学者	|assoc:博士后	3906
nju-张智峰-0612	张智峰	教授	教授|assoc:副教授,博士后	3329
nju-周林-0613	周林	教授;研究员	教授|assoc:副教授,副研究员,博士后	6107
nju-周豪慎-0614	周豪慎	教授	教授|assoc:博士后	3542
nju-朱嘉-0615	朱嘉	教授	教授|assoc:博士后	1735
nju-张旭苹-0616	张旭苹	教授	教授|assoc:博士后	1774
nju-张荣-0617	张荣	研究员	研究员|assoc:副研究员,博士后	994
nju-赵珅-0618	赵珅	教授;研究员	教授|assoc:副教授,博士后	2567
nju-朱斌-0619	朱斌		|assoc:博士后	748
nju-张骞-0620	张骞		|assoc:博士后	748
nju-钟芳-0621	钟芳		|assoc:博士后	790
nju-张文嘉-0622	张文嘉		|assoc:博士后	750
nju-赵刚-0623	赵刚		|assoc:博士后	767
nju-赵文甲-0624	赵文甲		|assoc:博士后	751
nju-张弢-0625	张弢			236
nju-张益昕-0626	张益昕	教授;研究员	教授|assoc:副教授,助理研究员,博士后	47974
nju-邹志刚-0627	邹志刚	教授;研究员;长江学者;院士	中国科学院院士|assoc:博士后	7205
nju-张超-0628	张超	教授	教授|assoc:博士后	1032
nju-郑庆东-0629	郑庆东	教授;杰青;研究员	教授|assoc:副研究员,博士后	7545
nju-张秀娟-0630	张秀娟	研究员	研究员|assoc:副研究员,博士后	4313
nju-周健-0631	周健	教授	教授|assoc:副教授,博士后,讲师	10087
nju-祝名伟-0632	祝名伟	教授	教授|assoc:博士后	5216
nju-郑凯敏-0633	郑凯敏		|assoc:博士后	829
nju-祝世宁-0634	祝世宁		|assoc:博士后	750
nju-钟苗-0635	钟苗	教授;研究员	教授|assoc:博士后	2808
nju-张瑜-0636	张瑜		|assoc:博士后	755
nju-张学进-0637	张学进	教授;院士	院士|assoc:副教授,博士后	3273
nju-张伟华-0638	张伟华	教授	教授|assoc:博士后	1802
nju-张会刚-0639	张会刚		|assoc:博士后	750
nju-张立强-0640	张立强		|assoc:博士后	750
nju-张晔-0641	张晔	教授	教授|assoc:博士后	3810
nju-张善涛-0642	张善涛	教授	教授|assoc:副教授,博士后,讲师	6264
