nju-方成-0233	方成	天文与空间科学学院	中国科学院院士	https://astronomy.nju.edu.cn/szll/szgk/zkyys/20190725/i11500.html
nju-曲钦岳-0234	曲钦岳	天文与空间科学学院	中国科学院院士	https://astronomy.nju.edu.cn/szll/szgk/zkyys/20190725/i11502.html
nju-苏定强-0235	苏定强	天文与空间科学学院	中国科学院院士	https://astronomy.nju.edu.cn/szll/szgk/zkyys/20190725/i11501.html
nju-孙义燧-0236	孙义燧	天文与空间科学学院	中国科学院院士	https://astronomy.nju.edu.cn/szll/szgk/zkyys/20190725/i11499.html
nju-陈鹏飞-0237	陈鹏飞	天文与空间科学学院	教授	https://astronomy.nju.edu.cn/szll/szgk/js/20190816/i13821.html
nju-陈阳-0238	陈阳	天文与空间科学学院	教授	https://astronomy.nju.edu.cn/szll/szgk/js/20190816/i13823.html
nju-陈燕梅-0239	陈燕梅	天文与空间科学学院	教授	https://astronomy.nju.edu.cn/szll/szgk/js/20190816/i13833.html
nju-程鑫-0240	程鑫	天文与空间科学学院	教授	https://astronomy.nju.edu.cn/szll/szgk/js/20191102/i44994.html
nju-戴子高-0241	戴子高	天文与空间科学学院	教授	https://astronomy.nju.edu.cn/szll/szgk/js/20190816/i13818.html
nju-丁明德-0242	丁明德	天文与空间科学学院	教授	https://astronomy.nju.edu.cn/szll/szgk/js/20190816/i13819.html
nju-何建华-0243	何建华	天文与空间科学学院	教授	https://astronomy.nju.edu.cn/szll/szgk/js/20190816/i13865.html
nju-侯锡云-0244	侯锡云	天文与空间科学学院	教授	https://astronomy.nju.edu.cn/szll/szgk/js/20250104/i306525.html
nju-顾秋生-0245	顾秋生	天文与空间科学学院	教授	https://astronomy.nju.edu.cn/szll/szgk/js/20190816/i13827.html
nju-郭洋-0246	郭洋	天文与空间科学学院	教授	https://astronomy.nju.edu.cn/szll/szgk/js/20190816/i13841.html
nju-黄永锋-0247	黄永锋	天文与空间科学学院	教授	https://astronomy.nju.edu.cn/szll/szgk/js/20190816/i13824.html
nju-李川-0248	李川	天文与空间科学学院	教授	https://astronomy.nju.edu.cn/szll/szgk/js/20190816/i13843.html
nju-黎健-0249	黎健	天文与空间科学学院	教授	https://astronomy.nju.edu.cn/szll/szgk/js/20190816/i13845.html
nju-李向东-0250	李向东	天文与空间科学学院	教授	https://astronomy.nju.edu.cn/szll/szgk/js/20190816/i13820.html
nju-李志远-0251	李志远	天文与空间科学学院	教授	https://astronomy.nju.edu.cn/szll/szgk/js/20260410/i372385.html
nju-刘佳成-0252	刘佳成	天文与空间科学学院	教授	https://astronomy.nju.edu.cn/szll/szgk/js/20190816/i13862.html
nju-罗斌-0253	罗斌	天文与空间科学学院	教授	https://astronomy.nju.edu.cn/szll/szgk/js/20190816/i13836.html
nju-施勇-0254	施勇	天文与空间科学学院	教授	https://astronomy.nju.edu.cn/szll/szgk/js/20190816/i13826.html
nju-张彬彬-0255	张彬彬	天文与空间科学学院	教授	https://astronomy.nju.edu.cn/EN/People/Professors/20200707/i113754.html
nju-邱科平-0256	邱科平	天文与空间科学学院	教授	https://astronomy.nju.edu.cn/szll/szgk/js/20260601/i394588.html
nju-王祥玉-0257	王祥玉	天文与空间科学学院	教授	https://astronomy.nju.edu.cn/szll/szgk/js/20190816/i13825.html
nju-王发印-0258	王发印	天文与空间科学学院	教授	https://astronomy.nju.edu.cn/szll/szgk/js/20190816/i13831.html
nju-王涛-0259	王涛	天文与空间科学学院	教授	https://astronomy.nju.edu.cn/szll/szgk/js/20210602/i201361.html
nju-谢基伟-0260	谢基伟	天文与空间科学学院	教授	https://astronomy.nju.edu.cn/szll/szgk/js/20190816/i13857.html
nju-周济林-0261	周济林	天文与空间科学学院	教授	https://astronomy.nju.edu.cn/szll/szgk/js/20190816/i13822.html
nju-周礼勇-0262	周礼勇	天文与空间科学学院	教授	https://astronomy.nju.edu.cn/szll/szgk/js/20190816/i13829.html
nju-朱紫-0263	朱紫	天文与空间科学学院	教授	https://astronomy.nju.edu.cn/szll/szgk/js/20190816/i13830.html
nju-张智昱-0264	张智昱	天文与空间科学学院	教授	https://astronomy.nju.edu.cn/szll/szgk/js/20191011/i43225.html
nju-李承东-0265	李承东	天文与空间科学学院	副教授	https://astronomy.nju.edu.cn/szll/szgk/fjs/20260210/i362051.html
nju-徐晓杰-0266	徐晓杰	天文与空间科学学院	副教授	https://astronomy.nju.edu.cn/szll/szgk/fjs/20260204/i358747.html
nju-柳若愚-0267	柳若愚	天文与空间科学学院	副教授	https://astronomy.nju.edu.cn/szll/szgk/fjs/20260203/i358744.html
nju-周雨昊-0268	周雨昊	天文与空间科学学院	副教授	https://astronomy.nju.edu.cn/szll/szgk/fjs/20260202/i358035.html
nju-陈枫-0269	陈枫	天文与空间科学学院	副教授	https://astronomy.nju.edu.cn/szll/szgk/fjs/20210602/i201373.html
nju-戴煜-0270	戴煜	天文与空间科学学院	副教授	https://astronomy.nju.edu.cn/szll/szgk/fjs/20190816/i13839.html
nju-郝奇-0271	郝奇	天文与空间科学学院	副教授	https://astronomy.nju.edu.cn/szll/szgk/fjs/20200929/i137103.html
nju-雷汉伦-0272	雷汉伦	天文与空间科学学院	副教授	https://astronomy.nju.edu.cn/szll/szgk/fjs/20190816/i13864.html
nju-李尚活-0273	李尚活	天文与空间科学学院	副教授	https://astronomy.nju.edu.cn/szll/szgk/fjs/20250314/i309972.html
nju-李昭洲-0274	李昭洲	天文与空间科学学院	副教授	https://astronomy.nju.edu.cn/szll/szgk/fjs/20250916/i339863.html
nju-刘慧根-0275	刘慧根	天文与空间科学学院	副教授	https://astronomy.nju.edu.cn/szll/szgk/fjs/20190816/i13861.html
nju-罗新炼-0276	罗新炼	天文与空间科学学院	副教授	https://astronomy.nju.edu.cn/szll/szgk/fjs/20190816/i13848.html
nju-汤靖师-0277	汤靖师	天文与空间科学学院	副教授	https://astronomy.nju.edu.cn/szll/szgk/fjs/20190816/i13850.html
nju-邵勇-0278	邵勇	天文与空间科学学院	副教授	https://astronomy.nju.edu.cn/szll/szgk/fjs/20190826/i14824.html
nju-张鸿-0279	张鸿	天文与空间科学学院	副教授	https://astronomy.nju.edu.cn/szll/szgk/fjs/20190816/i13859.html
nju-张曾华-0280	张曾华	天文与空间科学学院	副教授	https://astronomy.nju.edu.cn/szll/szgk/fjs/20200114/i67192.html
nju-周平-0281	周平	天文与空间科学学院	副教授	https://astronomy.nju.edu.cn/szll/szgk/fjs/20220606/i223379.html
nju-陈洋遥-0282	陈洋遥	天文与空间科学学院	助理教授	https://astronomy.nju.edu.cn/szll/szgk/zljs/20260209/i362018.html
nju-刘峻豪-0283	刘峻豪	天文与空间科学学院	助理教授	https://astronomy.nju.edu.cn/szll/szgk/zljs/20260203/i358046.html
nju-余杰-0284	余杰	天文与空间科学学院	助理教授	https://astronomy.nju.edu.cn/szll/szgk/zljs/20260118/i356002.html
nju-王晨-0285	王晨	天文与空间科学学院	助理教授	https://astronomy.nju.edu.cn/szll/szgk/zljs/20250903/i336301.html
nju-李鹏飞-0286	李鹏飞	天文与空间科学学院	助理教授	https://astronomy.nju.edu.cn/szll/szgk/zljs/20240911/i289840.html
nju-袁珍-0287	袁珍	天文与空间科学学院	助理教授	https://astronomy.nju.edu.cn/szll/szgk/zljs/20240808/i272872.html
nju-刘牛-0288	刘牛	天文与空间科学学院	助理教授	https://astronomy.nju.edu.cn/szll/szgk/zljs/20230915/i250739.html
nju-edagjergo-0289	EdaGjergo	天文与空间科学学院	专职科研	https://astronomy.nju.edu.cn/szll/szgk/zzky/20260428/i384290.html
nju-张超-0290	张超	天文与空间科学学院	专职科研	https://astronomy.nju.edu.cn/szll/szgk/zzky/20260202/i358032.html
nju-王倚君-0291	王倚君	天文与空间科学学院	专职科研	https://astronomy.nju.edu.cn/szll/szgk/zzky/20260202/i356953.html
nju-窦晶-0292	窦晶	天文与空间科学学院	专职科研	https://astronomy.nju.edu.cn/szll/szgk/zzky/20220504/i221594.html
nju-高玉龙-0293	高玉龙	天文与空间科学学院	专职科研	https://astronomy.nju.edu.cn/szll/szgk/zzky/20210629/i203495.html
nju-周陆文嘉-0294	周陆文嘉	天文与空间科学学院	专职科研	https://astronomy.nju.edu.cn/szll/szgk/zzky/20210629/i203496.html
