nju-边捷-0415	边捷	现代工程与应用科学学院		http://eng.nju.edu.cn/bj1/main.htm
nju-柏冲-0416	柏冲	现代工程与应用科学学院		http://eng.nju.edu.cn/bc/main.htm
nju-陈家璧-0417	陈家璧	现代工程与应用科学学院		http://eng.nju.edu.cn/cjb/main.htm
nju-陈强-0418	陈强	现代工程与应用科学学院		http://eng.nju.edu.cn/cq/main.htm
nju-christopherjosephbutch-0419	CHRISTOPHERJOSEPHBUTCH	现代工程与应用科学学院		http://eng.nju.edu.cn/CHRISTOPHER JOSEPH BUTCH/main.htm
nju-陈涵-0420	陈涵	现代工程与应用科学学院		http://eng.nju.edu.cn/ch/main.htm
nju-陈延峰-0421	陈延峰	现代工程与应用科学学院		http://eng.nju.edu.cn/cyf/main.htm
nju-chuchungmingpaul-0422	CHUCHUNGMINGPAUL	现代工程与应用科学学院		http://eng.nju.edu.cn/CHU CHUNGMING PAUL/main.htm
nju-陈伟-0423	陈伟	现代工程与应用科学学院		http://eng.nju.edu.cn/cw/main.htm
nju-程远-0424	程远	现代工程与应用科学学院		http://eng.nju.edu.cn/cy/main.htm
nju-陈鹏-0425	陈鹏	现代工程与应用科学学院		http://eng.nju.edu.cn/cp/main.htm
nju-陈晓-0426	陈晓	现代工程与应用科学学院		http://eng.nju.edu.cn/cx/main.htm
nju-陈向飞-0427	陈向飞	现代工程与应用科学学院		http://eng.nju.edu.cn/cxf/main.htm
nju-崔玉双-0428	崔玉双	现代工程与应用科学学院		http://eng.nju.edu.cn/cys/main.htm
nju-曹文武-0429	曹文武	现代工程与应用科学学院		http://eng.nju.edu.cn/cww1/main.htm
nju-陈兰-0430	陈兰	现代工程与应用科学学院		http://eng.nju.edu.cn/cl/main.htm
nju-褚世勇-0431	褚世勇	现代工程与应用科学学院		http://eng.nju.edu.cn/csy/main.htm
nju-崔恩田-0432	崔恩田	现代工程与应用科学学院		http://eng.nju.edu.cn/cet/main.htm
nju-崔妍-0433	崔妍	现代工程与应用科学学院		http://eng.nju.edu.cn/cy2_48411/main.htm
nju-邓昱-0434	邓昱	现代工程与应用科学学院		http://eng.nju.edu.cn/dy/main.htm
nju-丁煜-0435	丁煜	现代工程与应用科学学院		http://eng.nju.edu.cn/dy2/main.htm
nju-丁舒林-0436	丁舒林	现代工程与应用科学学院		http://eng.nju.edu.cn/dsl/main.htm
nju-董鹏玉-0437	董鹏玉	现代工程与应用科学学院		http://eng.nju.edu.cn/dpy/main.htm
nju-杜微-0438	杜微	现代工程与应用科学学院		http://eng.nju.edu.cn/dw/main.htm
nju-丁怀平-0439	丁怀平	现代工程与应用科学学院		http://eng.nju.edu.cn/dhp/main.htm
nju-邓正涛-0440	邓正涛	现代工程与应用科学学院		http://eng.nju.edu.cn/dzt/main.htm
nju-冯建勇-0441	冯建勇	现代工程与应用科学学院		http://eng.nju.edu.cn/fjy/main.htm
nju-付慧婷-0442	付慧婷	现代工程与应用科学学院		http://eng.nju.edu.cn/fht/main.htm
nju-方涛-0443	方涛	现代工程与应用科学学院		http://eng.nju.edu.cn/ft/main.htm
nju-faheemmuhammad-0444	FAHEEMMUHAMMAD	现代工程与应用科学学院		http://eng.nju.edu.cn/FAHEEM MUHAMMAD/main.htm
nju-冯昆鹏-0445	冯昆鹏	现代工程与应用科学学院		http://eng.nju.edu.cn/fkp/main.htm
nju-顾婷婷-0446	顾婷婷	现代工程与应用科学学院		http://eng.nju.edu.cn/gtt/main.htm
nju-葛士军-0447	葛士军	现代工程与应用科学学院		http://eng.nju.edu.cn/gsj1/main.htm
nju-郭少华-0448	郭少华	现代工程与应用科学学院		http://eng.nju.edu.cn/gsh/main.htm
nju-郭林-0449	郭林	现代工程与应用科学学院		http://eng.nju.edu.cn/gl/main.htm
nju-管福鑫-0450	管福鑫	现代工程与应用科学学院		http://eng.nju.edu.cn/gfx/main.htm
nju-高雨迪-0451	高雨迪	现代工程与应用科学学院		http://eng.nju.edu.cn/gyd/main.htm
nju-郭盛佳-0452	郭盛佳	现代工程与应用科学学院		http://eng.nju.edu.cn/gsj2/main.htm
nju-葛浩-0453	葛浩	现代工程与应用科学学院		http://eng.nju.edu.cn/gh/main.htm
nju-顾坚-0454	顾坚	现代工程与应用科学学院		http://eng.nju.edu.cn/gj/main.htm
nju-高彦峰-0455	高彦峰	现代工程与应用科学学院		http://eng.nju.edu.cn/gyf/main.htm
nju-葛海雄-0456	葛海雄	现代工程与应用科学学院		http://eng.nju.edu.cn/ghx/main.htm
nju-顾正彬-0457	顾正彬	现代工程与应用科学学院		http://eng.nju.edu.cn/gzb/main.htm
nju-高峰-0458	高峰	现代工程与应用科学学院		http://eng.nju.edu.cn/gf/main.htm
nju-何平-0459	何平	现代工程与应用科学学院		http://eng.nju.edu.cn/hp/main.htm
nju-霍鹏程-0460	霍鹏程	现代工程与应用科学学院		http://eng.nju.edu.cn/hpc1/main.htm
nju-花雨-0461	花雨	现代工程与应用科学学院		http://eng.nju.edu.cn/hy2/main.htm
nju-黄唯纯-0462	黄唯纯	现代工程与应用科学学院		http://eng.nju.edu.cn/hwc/main.htm
nju-郝玉峰-0463	郝玉峰	现代工程与应用科学学院		http://eng.nju.edu.cn/hyf/main.htm
nju-韩露-0464	韩露	现代工程与应用科学学院		http://eng.nju.edu.cn/hl/main.htm
nju-何程-0465	何程	现代工程与应用科学学院		http://eng.nju.edu.cn/hc/main.htm
nju-韩金峰-0466	韩金峰	现代工程与应用科学学院		http://eng.nju.edu.cn/hjf/main.htm
nju-胡勇-0467	胡勇	现代工程与应用科学学院		http://eng.nju.edu.cn/hy/main.htm
nju-胡小鹏-0468	胡小鹏	现代工程与应用科学学院		http://eng.nju.edu.cn/hxp/main.htm
nju-韩燕玲-0469	韩燕玲	现代工程与应用科学学院		http://eng.nju.edu.cn/hyl/main.htm
nju-韩民-0470	韩民	现代工程与应用科学学院		http://eng.nju.edu.cn/hm/main.htm
nju-黄俊伟-0471	黄俊伟	现代工程与应用科学学院		http://eng.nju.edu.cn/hjw1/main.htm
nju-胡逢睿-0472	胡逢睿	现代工程与应用科学学院		http://eng.nju.edu.cn/hfr/main.htm
nju-胡伟-0473	胡伟	现代工程与应用科学学院		http://eng.nju.edu.cn/hw/main.htm
nju-江伟-0474	江伟	现代工程与应用科学学院		http://eng.nju.edu.cn/jw/main.htm
nju-姜校顺-0475	姜校顺	现代工程与应用科学学院		http://eng.nju.edu.cn/jxs/main.htm
nju-姜浩阳-0476	姜浩阳	现代工程与应用科学学院		http://eng.nju.edu.cn/jhy/main.htm
nju-解龙翔-0477	解龙翔	现代工程与应用科学学院		http://eng.nju.edu.cn/jlx/main.htm
nju-姜硕星-0478	姜硕星	现代工程与应用科学学院		http://eng.nju.edu.cn/jsx/main.htm
nju-季文斌-0479	季文斌	现代工程与应用科学学院		http://eng.nju.edu.cn/jwb/main.htm
nju-季殿祥-0480	季殿祥	现代工程与应用科学学院		http://eng.nju.edu.cn/jdx/main.htm
nju-孔德圣-0481	孔德圣	现代工程与应用科学学院		http://eng.nju.edu.cn/kds/main.htm
nju-刘飞-0482	刘飞	现代工程与应用科学学院		http://eng.nju.edu.cn/lf/main.htm
nju-李少鹏-0483	李少鹏	现代工程与应用科学学院		http://eng.nju.edu.cn/lsp/main.htm
nju-陆骏-0484	陆骏	现代工程与应用科学学院		http://eng.nju.edu.cn/lj/main.htm
nju-李会鹏-0485	李会鹏	现代工程与应用科学学院		http://eng.nju.edu.cn/lhp/main.htm
nju-罗文俊-0486	罗文俊	现代工程与应用科学学院		http://eng.nju.edu.cn/lwj/main.htm
nju-李禄东-0487	李禄东	现代工程与应用科学学院		http://eng.nju.edu.cn/lld2/main.htm
nju-李辉-0488	李辉	现代工程与应用科学学院		http://eng.nju.edu.cn/lh/main.htm
nju-刘欣丽-0489	刘欣丽	现代工程与应用科学学院		http://eng.nju.edu.cn/lxl/main.htm
nju-李涛-0490	李涛	现代工程与应用科学学院		http://eng.nju.edu.cn/lt/main.htm
nju-刘史佳-0491	刘史佳	现代工程与应用科学学院		http://eng.nju.edu.cn/lsj/main.htm
nju-林仁兴-0492	林仁兴	现代工程与应用科学学院		http://eng.nju.edu.cn/lrx/main.htm
nju-刘治国-0493	刘治国	现代工程与应用科学学院		http://eng.nju.edu.cn/lzg/main.htm
nju-陆海鸣-0494	陆海鸣	现代工程与应用科学学院		http://eng.nju.edu.cn/lhm/main.htm
nju-陆延青-0495	陆延青	现代工程与应用科学学院		http://eng.nju.edu.cn/lyq/main.htm
nju-鲁振达-0496	鲁振达	现代工程与应用科学学院		http://eng.nju.edu.cn/lzd/main.htm
nju-李宪磊-0497	李宪磊	现代工程与应用科学学院		http://eng.nju.edu.cn/lxl2/main.htm
nju-李穗奕-0498	李穗奕	现代工程与应用科学学院		http://eng.nju.edu.cn/lsy/main.htm
nju-李爱东-0499	李爱东	现代工程与应用科学学院		http://eng.nju.edu.cn/lad/main.htm
nju-李恺-0500	李恺	现代工程与应用科学学院		http://eng.nju.edu.cn/lk/main.htm
nju-刘晓平-0501	刘晓平	现代工程与应用科学学院		http://eng.nju.edu.cn/lxp/main.htm
nju-李晨-0502	李晨	现代工程与应用科学学院		http://eng.nju.edu.cn/lc/main.htm
nju-李密-0503	李密	现代工程与应用科学学院		http://eng.nju.edu.cn/lm2/main.htm
nju-李世凤-0504	李世凤	现代工程与应用科学学院		http://eng.nju.edu.cn/lsf/main.htm
nju-罗亮-0505	罗亮	现代工程与应用科学学院		http://eng.nju.edu.cn/ll/main.htm
nju-李志向-0506	李志向	现代工程与应用科学学院		http://eng.nju.edu.cn/lzx/main.htm
nju-卢明辉-0507	卢明辉	现代工程与应用科学学院		http://eng.nju.edu.cn/lmh/main.htm
nju-李会-0508	李会	现代工程与应用科学学院		http://eng.nju.edu.cn/lh1/main.htm
nju-李朝升-0509	李朝升	现代工程与应用科学学院		http://eng.nju.edu.cn/lcs/main.htm
nju-芦红-0510	芦红	现代工程与应用科学学院		http://eng.nju.edu.cn/lh2/main.htm
nju-刘洲-0511	刘洲	现代工程与应用科学学院		http://eng.nju.edu.cn/lz2/main.htm
nju-刘明泽-0512	刘明泽	现代工程与应用科学学院		http://eng.nju.edu.cn/lmz/main.htm
nju-吕洋洋-0513	吕洋洋	现代工程与应用科学学院		http://eng.nju.edu.cn/lyy/main.htm
nju-吕新杰-0514	吕新杰	现代工程与应用科学学院		http://eng.nju.edu.cn/lxj/main.htm
nju-李喆-0515	李喆	现代工程与应用科学学院		http://eng.nju.edu.cn/lz2_42520/main.htm
nju-孟祥康-0516	孟祥康	现代工程与应用科学学院		http://eng.nju.edu.cn/mxk/main.htm
nju-马玲玲-0517	马玲玲	现代工程与应用科学学院		http://eng.nju.edu.cn/mll/main.htm
nju-毛鹏-0518	毛鹏	现代工程与应用科学学院		http://eng.nju.edu.cn/mp/main.htm
nju-马玉洁-0519	马玉洁	现代工程与应用科学学院		http://eng.nju.edu.cn/myj/main.htm
nju-牛善远-0520	牛善远	现代工程与应用科学学院		http://eng.nju.edu.cn/nsy/main.htm
nju-nieshuming-0521	NIESHUMING	现代工程与应用科学学院		http://eng.nju.edu.cn/NIE SHUMING/main.htm
nju-聂越峰-0522	聂越峰	现代工程与应用科学学院		http://eng.nju.edu.cn/nyf/main.htm
nju-宁兴海-0523	宁兴海	现代工程与应用科学学院		http://eng.nju.edu.cn/nxh/main.htm
nju-潘晓晴-0524	潘晓晴	现代工程与应用科学学院		http://eng.nju.edu.cn/pxq/main.htm
nju-彭冲-0525	彭冲	现代工程与应用科学学院		http://eng.nju.edu.cn/pc_58941/main.htm
nju-潘冠军-0526	潘冠军	现代工程与应用科学学院		http://eng.nju.edu.cn/pgj/main.htm
nju-权浩诚-0527	权浩诚	现代工程与应用科学学院		http://eng.nju.edu.cn/qhc1/main.htm
nju-秦峰-0528	秦峰	现代工程与应用科学学院		http://eng.nju.edu.cn/qf/main.htm
nju-钱怿文-0529	钱怿文	现代工程与应用科学学院		http://eng.nju.edu.cn/qyw/main.htm
nju-邱果-0530	邱果	现代工程与应用科学学院		http://eng.nju.edu.cn/qg/main.htm
nju-秦亦强-0531	秦亦强	现代工程与应用科学学院		http://eng.nju.edu.cn/qyq/main.htm
nju-任鑫坤-0532	任鑫坤	现代工程与应用科学学院		http://eng.nju.edu.cn/rxk/main.htm
nju-阮亚平-0533	阮亚平	现代工程与应用科学学院		http://eng.nju.edu.cn/ryp/main.htm
nju-阮国静-0534	阮国静	现代工程与应用科学学院		http://eng.nju.edu.cn/rgj/main.htm
nju-宋万鸽-0535	宋万鸽	现代工程与应用科学学院		http://eng.nju.edu.cn/swg/main.htm
nju-shanmugavaniamirthalingam-0536	SHANMUGAVANIAMIRTHALINGAM	现代工程与应用科学学院		http://eng.nju.edu.cn/SHANMUGAVANI AMIRTHALINGAM/main.htm
nju-宋琰-0537	宋琰	现代工程与应用科学学院		http://eng.nju.edu.cn/sy/main.htm
nju-宋茂文-0538	宋茂文	现代工程与应用科学学院		http://eng.nju.edu.cn/smw/main.htm
nju-宋跃江-0539	宋跃江	现代工程与应用科学学院		http://eng.nju.edu.cn/syj2/main.htm
nju-孙晓晨-0540	孙晓晨	现代工程与应用科学学院		http://eng.nju.edu.cn/sxc/main.htm
nju-宋玉君-0541	宋玉君	现代工程与应用科学学院		http://eng.nju.edu.cn/syj/main.htm
nju-沈允育-0542	沈允育	现代工程与应用科学学院		http://eng.nju.edu.cn/syy1/main.htm
nju-孙安-0543	孙安	现代工程与应用科学学院		http://eng.nju.edu.cn/sa/main.htm
nju-谭海仁-0544	谭海仁	现代工程与应用科学学院		http://eng.nju.edu.cn/thr/main.htm
nju-唐月锋-0545	唐月锋	现代工程与应用科学学院		http://eng.nju.edu.cn/tyf/main.htm
nju-田野-0546	田野	现代工程与应用科学学院		http://eng.nju.edu.cn/ty/main.htm
nju-谭颖玲-0547	谭颖玲	现代工程与应用科学学院		http://eng.nju.edu.cn/tyl/main.htm
nju-铁祚庥-0548	铁祚庥	现代工程与应用科学学院		http://eng.nju.edu.cn/tzx/main.htm
nju-唐少春-0549	唐少春	现代工程与应用科学学院		http://eng.nju.edu.cn/tsc/main.htm
nju-田慧-0550	田慧	现代工程与应用科学学院		http://eng.nju.edu.cn/th/main.htm
nju-王毅庆-0551	王毅庆	现代工程与应用科学学院		http://eng.nju.edu.cn/wyq/main.htm
nju-王光辉-0552	王光辉	现代工程与应用科学学院		http://eng.nju.edu.cn/wgh/main.htm
nju-尉芹溪-0553	尉芹溪	现代工程与应用科学学院		http://eng.nju.edu.cn/wqx/main.htm
nju-王前进-0554	王前进	现代工程与应用科学学院		http://eng.nju.edu.cn/wqj/main.htm
nju-魏辉-0555	魏辉	现代工程与应用科学学院		http://eng.nju.edu.cn/wh/main.htm
nju-吴迪-0556	吴迪	现代工程与应用科学学院		http://eng.nju.edu.cn/wd/main.htm
nju-王晓曼-0557	王晓曼	现代工程与应用科学学院		http://eng.nju.edu.cn/wxm/main.htm
nju-王顺-0558	王顺	现代工程与应用科学学院		http://eng.nju.edu.cn/ws/main.htm
nju-王思怡-0559	王思怡	现代工程与应用科学学院		http://eng.nju.edu.cn/wsy/main.htm
nju-王钦-0560	王钦	现代工程与应用科学学院		http://eng.nju.edu.cn/wq/main.htm
nju-万宬彰-0561	万宬彰	现代工程与应用科学学院		http://eng.nju.edu.cn/wcz/main.htm
nju-王如意-0562	王如意	现代工程与应用科学学院		http://eng.nju.edu.cn/wry/main.htm
nju-王瑜-0563	王瑜	现代工程与应用科学学院		http://eng.nju.edu.cn/wy/main.htm
nju-王学斌-0564	王学斌	现代工程与应用科学学院		http://eng.nju.edu.cn/wxb/main.htm
nju-王梅雨-0565	王梅雨	现代工程与应用科学学院		http://eng.nju.edu.cn/wmy/main.htm
nju-王列-0566	王列	现代工程与应用科学学院		http://eng.nju.edu.cn/wl/main.htm
nju-吴震-0567	吴震	现代工程与应用科学学院		http://eng.nju.edu.cn/wz/main.htm
nju-王峰-0568	王峰	现代工程与应用科学学院		http://eng.nju.edu.cn/wf/main.htm
nju-王磊-0569	王磊	现代工程与应用科学学院		http://eng.nju.edu.cn/wl2/main.htm
nju-武江洁星-0570	武江洁星	现代工程与应用科学学院		http://eng.nju.edu.cn/wjjx/main.htm
nju-夏春生-0571	夏春生	现代工程与应用科学学院		http://eng.nju.edu.cn/xcs/main.htm
nju-徐挺-0572	徐挺	现代工程与应用科学学院		http://eng.nju.edu.cn/xt/main.htm
nju-徐飞feixu-0573	徐飞FeiXu	现代工程与应用科学学院		http://eng.nju.edu.cn/xf/main.htm
nju-徐紫星-0574	徐紫星	现代工程与应用科学学院		http://eng.nju.edu.cn/xzx/main.htm
nju-肖如磊-0575	肖如磊	现代工程与应用科学学院		http://eng.nju.edu.cn/xrl/main.htm
nju-胥亮-0576	胥亮	现代工程与应用科学学院		http://eng.nju.edu.cn/xl2/main.htm
nju-夏可宇-0577	夏可宇	现代工程与应用科学学院		http://eng.nju.edu.cn/xky/main.htm
nju-徐磊-0578	徐磊	现代工程与应用科学学院		http://eng.nju.edu.cn/xl/main.htm
nju-谢婉芸-0579	谢婉芸	现代工程与应用科学学院		http://eng.nju.edu.cn/xwy/main.htm
nju-xdgc-0580	xdgc	现代工程与应用科学学院		http://eng.nju.edu.cn/xdgc/main.htm
nju-夏奕东-0581	夏奕东	现代工程与应用科学学院		http://eng.nju.edu.cn/xyd/main.htm
nju-徐凝-0582	徐凝	现代工程与应用科学学院		http://eng.nju.edu.cn/xn1/main.htm
nju-相波-0583	相波	现代工程与应用科学学院		http://eng.nju.edu.cn/xb/main.htm
nju-顼晓仪-0584	顼晓仪	现代工程与应用科学学院		http://eng.nju.edu.cn/xxy/main.htm
nju-袁紫燕-0585	袁紫燕	现代工程与应用科学学院		http://eng.nju.edu.cn/yzy/main.htm
nju-于涵洋-0586	于涵洋	现代工程与应用科学学院		http://eng.nju.edu.cn/yhy/main.htm
nju-袁长胜-0587	袁长胜	现代工程与应用科学学院		http://eng.nju.edu.cn/yzs/main.htm
nju-袁洪涛-0588	袁洪涛	现代工程与应用科学学院		http://eng.nju.edu.cn/yht/main.htm
nju-袁敏敏-0589	袁敏敏	现代工程与应用科学学院		http://eng.nju.edu.cn/ymm1/main.htm
nju-姚颖方-0590	姚颖方	现代工程与应用科学学院		http://eng.nju.edu.cn/yyf/main.htm
nju-于振涛-0591	于振涛	现代工程与应用科学学院		http://eng.nju.edu.cn/yzt/main.htm
nju-尤其-0592	尤其	现代工程与应用科学学院		http://eng.nju.edu.cn/yq/main.htm
nju-颜学俊-0593	颜学俊	现代工程与应用科学学院		http://eng.nju.edu.cn/yxj/main.htm
nju-闫世成-0594	闫世成	现代工程与应用科学学院		http://eng.nju.edu.cn/ysc/main.htm
nju-姚淑华-0595	姚淑华	现代工程与应用科学学院		http://eng.nju.edu.cn/ysh/main.htm
nju-余思远-0596	余思远	现代工程与应用科学学院		http://eng.nju.edu.cn/ysy/main.htm
nju-喻春红-0597	喻春红	现代工程与应用科学学院		http://eng.nju.edu.cn/ych/main.htm
nju-殷江-0598	殷江	现代工程与应用科学学院		http://eng.nju.edu.cn/yj/main.htm
nju-叶德庄-0599	叶德庄	现代工程与应用科学学院		http://eng.nju.edu.cn/ydz/main.htm
nju-杨玉荣-0600	杨玉荣	现代工程与应用科学学院		http://eng.nju.edu.cn/yyr/main.htm
nju-于睿譞-0601	于睿譞	现代工程与应用科学学院		http://eng.nju.edu.cn/yrx/main.htm
nju-姚亚刚-0602	姚亚刚	现代工程与应用科学学院		http://eng.nju.edu.cn/yyg/main.htm
nju-俞安斌-0603	俞安斌	现代工程与应用科学学院		http://eng.nju.edu.cn/yab/main.htm
nju-袁玲-0604	袁玲	现代工程与应用科学学院		http://eng.nju.edu.cn/yl/main.htm
nju-周军晓-0605	周军晓	现代工程与应用科学学院		http://eng.nju.edu.cn/zjx/main.htm
nju-张宇-0606	张宇	现代工程与应用科学学院		http://eng.nju.edu.cn/zy2/main.htm
nju-周剑峰-0607	周剑峰	现代工程与应用科学学院		http://eng.nju.edu.cn/zjf/main.htm
nju-臧文成-0608	臧文成	现代工程与应用科学学院		http://eng.nju.edu.cn/zwc/main.htm
nju-张勇-0609	张勇	现代工程与应用科学学院		http://eng.nju.edu.cn/zy2_42580/main.htm
nju-邹辉-0610	邹辉	现代工程与应用科学学院		http://eng.nju.edu.cn/zh/main.htm
nju-张利剑-0611	张利剑	现代工程与应用科学学院		http://eng.nju.edu.cn/zlj/main.htm
nju-张智峰-0612	张智峰	现代工程与应用科学学院		http://eng.nju.edu.cn/zzf1/main.htm
nju-周林-0613	周林	现代工程与应用科学学院		http://eng.nju.edu.cn/zl/main.htm
nju-周豪慎-0614	周豪慎	现代工程与应用科学学院		http://eng.nju.edu.cn/zhs/main.htm
nju-朱嘉-0615	朱嘉	现代工程与应用科学学院		http://eng.nju.edu.cn/zj/main.htm
nju-张旭苹-0616	张旭苹	现代工程与应用科学学院		http://eng.nju.edu.cn/zxp/main.htm
nju-张荣-0617	张荣	现代工程与应用科学学院		http://eng.nju.edu.cn/zr/main.htm
nju-赵珅-0618	赵珅	现代工程与应用科学学院		http://eng.nju.edu.cn/zs_65856/main.htm
nju-朱斌-0619	朱斌	现代工程与应用科学学院		http://eng.nju.edu.cn/zb/main.htm
nju-张骞-0620	张骞	现代工程与应用科学学院		http://eng.nju.edu.cn/zq/main.htm
nju-钟芳-0621	钟芳	现代工程与应用科学学院		http://eng.nju.edu.cn/zf/main.htm
nju-张文嘉-0622	张文嘉	现代工程与应用科学学院		http://eng.nju.edu.cn/zwj/main.htm
nju-赵刚-0623	赵刚	现代工程与应用科学学院		http://eng.nju.edu.cn/zg/main.htm
nju-赵文甲-0624	赵文甲	现代工程与应用科学学院		http://eng.nju.edu.cn/zwj2/main.htm
nju-张弢-0625	张弢	现代工程与应用科学学院		http://eng.nju.edu.cn/zt/main.htm
nju-张益昕-0626	张益昕	现代工程与应用科学学院		http://eng.nju.edu.cn/zyx/main.htm
nju-邹志刚-0627	邹志刚	现代工程与应用科学学院		http://eng.nju.edu.cn/zzg/main.htm
nju-张超-0628	张超	现代工程与应用科学学院		http://eng.nju.edu.cn/zc/main.htm
nju-郑庆东-0629	郑庆东	现代工程与应用科学学院		http://eng.nju.edu.cn/zqd/main.htm
nju-张秀娟-0630	张秀娟	现代工程与应用科学学院		http://eng.nju.edu.cn/zxj2/main.htm
nju-周健-0631	周健	现代工程与应用科学学院		http://eng.nju.edu.cn/zj2/main.htm
nju-祝名伟-0632	祝名伟	现代工程与应用科学学院		http://eng.nju.edu.cn/zmw/main.htm
nju-郑凯敏-0633	郑凯敏	现代工程与应用科学学院		http://eng.nju.edu.cn/zkm/main.htm
nju-祝世宁-0634	祝世宁	现代工程与应用科学学院		http://eng.nju.edu.cn/zsn/main.htm
nju-钟苗-0635	钟苗	现代工程与应用科学学院		http://eng.nju.edu.cn/zm/main.htm
nju-张瑜-0636	张瑜	现代工程与应用科学学院		http://eng.nju.edu.cn/zy2_42661/main.htm
nju-张学进-0637	张学进	现代工程与应用科学学院		http://eng.nju.edu.cn/zxj/main.htm
nju-张伟华-0638	张伟华	现代工程与应用科学学院		http://eng.nju.edu.cn/zwh/main.htm
nju-张会刚-0639	张会刚	现代工程与应用科学学院		http://eng.nju.edu.cn/zhg/main.htm
nju-张立强-0640	张立强	现代工程与应用科学学院		http://eng.nju.edu.cn/zlq/main.htm
nju-张晔-0641	张晔	现代工程与应用科学学院		http://eng.nju.edu.cn/zy/main.htm
nju-张善涛-0642	张善涛	现代工程与应用科学学院		http://eng.nju.edu.cn/zst/main.htm
