nju-柏业超-0295	柏业超	电子科学与工程学院		http://ese.nju.edu.cn/_redirect?siteId=452&columnId=30446&articleId=465301
nju-卞春华-0296	卞春华	电子科学与工程学院		http://ese.nju.edu.cn/_redirect?siteId=452&columnId=30446&articleId=465297
nju-卜晓峰-0297	卜晓峰	电子科学与工程学院		http://ese.nju.edu.cn/_redirect?siteId=452&columnId=30446&articleId=465293
nju-蔡青-0298	蔡青	电子科学与工程学院		http://ese.nju.edu.cn/_redirect?siteId=452&columnId=30446&articleId=701671
nju-曹汛-0299	曹汛	电子科学与工程学院		http://ese.nju.edu.cn/_redirect?siteId=452&columnId=30446&articleId=465292
nju-陈敦军-0300	陈敦军	电子科学与工程学院		http://ese.nju.edu.cn/_redirect?siteId=452&columnId=30446&articleId=465290
nju-陈浩-0301	陈浩	电子科学与工程学院		http://ese.nju.edu.cn/_redirect?siteId=452&columnId=30446&articleId=765935
nju-陈健-0302	陈健	电子科学与工程学院		http://ese.nju.edu.cn/_redirect?siteId=452&columnId=30446&articleId=465288
nju-陈克-0303	陈克	电子科学与工程学院		http://ese.nju.edu.cn/_redirect?siteId=452&columnId=30446&articleId=539798
nju-陈乐-0304	陈乐	电子科学与工程学院		http://ese.nju.edu.cn/_redirect?siteId=452&columnId=30446&articleId=539803
nju-陈鹏-0305	陈鹏	电子科学与工程学院		http://ese.nju.edu.cn/_redirect?siteId=452&columnId=30446&articleId=465287
nju-陈平-0306	陈平	电子科学与工程学院		http://ese.nju.edu.cn/_redirect?siteId=452&columnId=30446&articleId=465285
nju-陈相宁-0307	陈相宁	电子科学与工程学院		http://ese.nju.edu.cn/_redirect?siteId=452&columnId=30446&articleId=465284
nju-陈颖-0308	陈颖	电子科学与工程学院		http://ese.nju.edu.cn/_redirect?siteId=452&columnId=30446&articleId=465282
nju-都思丹-0309	都思丹	电子科学与工程学院		http://ese.nju.edu.cn/_redirect?siteId=452&columnId=30446&articleId=465280
nju-杜力-0310	杜力	电子科学与工程学院		http://ese.nju.edu.cn/_redirect?siteId=452&columnId=30446&articleId=465278
nju-杜源-0311	杜源	电子科学与工程学院		http://ese.nju.edu.cn/_redirect?siteId=452&columnId=30446&articleId=465277
nju-范克彬-0312	范克彬	电子科学与工程学院		http://ese.nju.edu.cn/_redirect?siteId=452&columnId=30446&articleId=514599
nju-方晖-0313	方晖	电子科学与工程学院		http://ese.nju.edu.cn/_redirect?siteId=452&columnId=30446&articleId=465275
nju-费再瑶-0314	费再瑶	电子科学与工程学院		http://ese.nju.edu.cn/_redirect?siteId=452&columnId=30446&articleId=512370
nju-冯一军-0315	冯一军	电子科学与工程学院		http://ese.nju.edu.cn/_redirect?siteId=452&columnId=30446&articleId=465272
nju-高健-0316	高健	电子科学与工程学院		http://ese.nju.edu.cn/_redirect?siteId=452&columnId=30446&articleId=465269
nju-葛云-0317	葛云	电子科学与工程学院		http://ese.nju.edu.cn/_redirect?siteId=452&columnId=30446&articleId=465267
nju-顾书林-0318	顾书林	电子科学与工程学院		http://ese.nju.edu.cn/_redirect?siteId=452&columnId=30446&articleId=465265
nju-何爱军-0319	何爱军	电子科学与工程学院		http://ese.nju.edu.cn/_redirect?siteId=452&columnId=30446&articleId=465260
nju-何道伟-0320	何道伟	电子科学与工程学院		http://ese.nju.edu.cn/_redirect?siteId=452&columnId=30446&articleId=465259
nju-何亮-0321	何亮	电子科学与工程学院		http://ese.nju.edu.cn/_redirect?siteId=452&columnId=30446&articleId=465257
nju-胡雪梅-0322	胡雪梅	电子科学与工程学院		http://ese.nju.edu.cn/_redirect?siteId=452&columnId=30446&articleId=464931
nju-胡泽华-0323	胡泽华	电子科学与工程学院		http://ese.nju.edu.cn/_redirect?siteId=452&columnId=30446&articleId=633614
nju-黄晓林-0324	黄晓林	电子科学与工程学院		http://ese.nju.edu.cn/_redirect?siteId=452&columnId=30446&articleId=465255
nju-纪小丽-0325	纪小丽	电子科学与工程学院		http://ese.nju.edu.cn/jxl_24120/list.htm
nju-贾琨鹏-0326	贾琨鹏	电子科学与工程学院		http://ese.nju.edu.cn/_redirect?siteId=452&columnId=30446&articleId=765937
nju-贾小氢-0327	贾小氢	电子科学与工程学院		http://ese.nju.edu.cn/_redirect?siteId=452&columnId=30446&articleId=465252
nju-姜田-0328	姜田	电子科学与工程学院		http://ese.nju.edu.cn/_redirect?siteId=452&columnId=30446&articleId=465249
nju-金飚兵-0329	金飚兵	电子科学与工程学院		http://ese.nju.edu.cn/_redirect?siteId=452&columnId=30446&articleId=465247
nju-寇君龙-0330	寇君龙	电子科学与工程学院		http://ese.nju.edu.cn/_redirect?siteId=452&columnId=30446&articleId=565572
nju-黎松林-0331	黎松林	电子科学与工程学院		http://ese.nju.edu.cn/_redirect?siteId=452&columnId=30446&articleId=465244
nju-李炳均-0332	李炳均	电子科学与工程学院		http://ese.nju.edu.cn/_redirect?siteId=452&columnId=30446&articleId=799592
nju-李勃-0333	李勃	电子科学与工程学院		http://ese.nju.edu.cn/_redirect?siteId=452&columnId=30446&articleId=465240
nju-李晨-0334	李晨	电子科学与工程学院		http://ese.nju.edu.cn/_redirect?siteId=452&columnId=30446&articleId=465238
nju-李丽-0335	李丽	电子科学与工程学院		http://ese.nju.edu.cn/_redirect?siteId=452&columnId=30446&articleId=465235
nju-李杨-0336	李杨	电子科学与工程学院		http://ese.nju.edu.cn/_redirect?siteId=452&columnId=30446&articleId=465233
nju-李昀-0337	李昀	电子科学与工程学院		http://ese.nju.edu.cn/_redirect?siteId=452&columnId=30446&articleId=465231
nju-李张南-0338	李张南	电子科学与工程学院		http://ese.nju.edu.cn/_redirect?siteId=452&columnId=30446&articleId=829251
nju-林军-0339	林军	电子科学与工程学院		http://ese.nju.edu.cn/_redirect?siteId=452&columnId=30446&articleId=465229
nju-刘斌-0340	刘斌	电子科学与工程学院		http://ese.nju.edu.cn/_redirect?siteId=452&columnId=30446&articleId=465227
nju-刘波-0341	刘波	电子科学与工程学院		http://ese.nju.edu.cn/_redirect?siteId=452&columnId=30446&articleId=633621
nju-刘红星-0342	刘红星	电子科学与工程学院		http://ese.nju.edu.cn/_redirect?siteId=452&columnId=30446&articleId=465225
nju-陆海-0343	陆海	电子科学与工程学院		http://ese.nju.edu.cn/_redirect?siteId=452&columnId=30446&articleId=465223
nju-吕阳阳-0344	吕阳阳	电子科学与工程学院		http://ese.nju.edu.cn/_redirect?siteId=452&columnId=30446&articleId=765939
nju-马浩文-0345	马浩文	电子科学与工程学院		http://ese.nju.edu.cn/_redirect?siteId=452&columnId=30446&articleId=465221
nju-马展-0346	马展	电子科学与工程学院		http://ese.nju.edu.cn/_redirect?siteId=452&columnId=30446&articleId=465218
nju-马忠元-0347	马忠元	电子科学与工程学院		http://ese.nju.edu.cn/_redirect?siteId=452&columnId=30446&articleId=465216
nju-潘红兵-0348	潘红兵	电子科学与工程学院		http://ese.nju.edu.cn/_redirect?siteId=452&columnId=30446&articleId=465213
nju-潘力佳-0349	潘力佳	电子科学与工程学院		http://ese.nju.edu.cn/_redirect?siteId=452&columnId=30446&articleId=465209
nju-彭成磊-0350	彭成磊	电子科学与工程学院		http://ese.nju.edu.cn/_redirect?siteId=452&columnId=30446&articleId=465206
nju-蒲殷-0351	蒲殷	电子科学与工程学院		http://ese.nju.edu.cn/_redirect?siteId=452&columnId=30446&articleId=465204
nju-邱浩-0352	邱浩	电子科学与工程学院		http://ese.nju.edu.cn/_redirect?siteId=452&columnId=30446&articleId=559637
nju-任芳芳-0353	任芳芳	电子科学与工程学院		http://ese.nju.edu.cn/_redirect?siteId=452&columnId=30446&articleId=465201
nju-阮雅端-0354	阮雅端	电子科学与工程学院		http://ese.nju.edu.cn/_redirect?siteId=452&columnId=30446&articleId=465197
nju-沙金-0355	沙金	电子科学与工程学院		http://ese.nju.edu.cn/_redirect?siteId=452&columnId=30446&articleId=465195
nju-沈凡翔-0356	沈凡翔	电子科学与工程学院		http://ese.nju.edu.cn/_redirect?siteId=452&columnId=30446&articleId=765942
nju-沈秋-0357	沈秋	电子科学与工程学院		http://ese.nju.edu.cn/18/19/c30446a464921/page.htm
nju-施毅-0358	施毅	电子科学与工程学院		http://ese.nju.edu.cn/_redirect?siteId=452&columnId=30446&articleId=465190
nju-司峻峰-0359	司峻峰	电子科学与工程学院		http://ese.nju.edu.cn/_redirect?siteId=452&columnId=30446&articleId=465188
nju-孙国柱-0360	孙国柱	电子科学与工程学院		http://ese.nju.edu.cn/_redirect?siteId=452&columnId=30446&articleId=465185
nju-汤琨-0361	汤琨	电子科学与工程学院		http://ese.nju.edu.cn/_redirect?siteId=452&columnId=30446&articleId=465184
nju-唐东明-0362	唐东明	电子科学与工程学院		http://ese.nju.edu.cn/_redirect?siteId=452&columnId=30446&articleId=465181
nju-唐岚-0363	唐岚	电子科学与工程学院		http://ese.nju.edu.cn/_redirect?siteId=452&columnId=30446&articleId=465179
nju-陶涛-0364	陶涛	电子科学与工程学院		http://ese.nju.edu.cn/_redirect?siteId=452&columnId=30446&articleId=464917
nju-万昌锦-0365	万昌锦	电子科学与工程学院		http://ese.nju.edu.cn/_redirect?siteId=452&columnId=30446&articleId=512355
nju-王枫秋-0366	王枫秋	电子科学与工程学院		http://ese.nju.edu.cn/_redirect?siteId=452&columnId=30446&articleId=465175
nju-王昊-0367	王昊	电子科学与工程学院		http://ese.nju.edu.cn/_redirect?siteId=452&columnId=30446&articleId=536916
nju-王华兵-0368	王华兵	电子科学与工程学院		http://ese.nju.edu.cn/_redirect?siteId=452&columnId=30446&articleId=465172
nju-王健-0369	王健	电子科学与工程学院		http://ese.nju.edu.cn/_redirect?siteId=452&columnId=30446&articleId=465170
nju-王军转-0370	王军转	电子科学与工程学院		http://ese.nju.edu.cn/_redirect?siteId=452&columnId=30446&articleId=465167
nju-王凯-0371	王凯	电子科学与工程学院		http://ese.nju.edu.cn/_redirect?siteId=452&columnId=30446&articleId=765944
nju-王科-0372	王科	电子科学与工程学院		http://ese.nju.edu.cn/_redirect?siteId=452&columnId=30446&articleId=465165
nju-王琼-0373	王琼	电子科学与工程学院		http://ese.nju.edu.cn/_redirect?siteId=452&columnId=30446&articleId=465164
nju-王少尉-0374	王少尉	电子科学与工程学院		http://ese.nju.edu.cn/_redirect?siteId=452&columnId=30446&articleId=465163
nju-王肖沐-0375	王肖沐	电子科学与工程学院		http://ese.nju.edu.cn/_redirect?siteId=452&columnId=30446&articleId=465161
nju-王欣然-0376	王欣然	电子科学与工程学院		http://ese.nju.edu.cn/_redirect?siteId=452&columnId=30446&articleId=465159
nju-王学锋-0377	王学锋	电子科学与工程学院		http://ese.nju.edu.cn/_redirect?siteId=452&columnId=30446&articleId=465158
nju-王永磊-0378	王永磊	电子科学与工程学院		http://ese.nju.edu.cn/_redirect?siteId=452&columnId=30446&articleId=465156
nju-王元庆-0379	王元庆	电子科学与工程学院		http://ese.nju.edu.cn/_redirect?siteId=452&columnId=30446&articleId=465153
nju-王中风-0380	王中风	电子科学与工程学院		http://ese.nju.edu.cn/_redirect?siteId=452&columnId=30446&articleId=465152
nju-吴敬波-0381	吴敬波	电子科学与工程学院		http://ese.nju.edu.cn/_redirect?siteId=452&columnId=30446&articleId=465150
nju-吴培亨-0382	吴培亨	电子科学与工程学院		http://ese.nju.edu.cn/_redirect?siteId=452&columnId=30446&articleId=555528
nju-伍瑞新-0383	伍瑞新	电子科学与工程学院		http://ese.nju.edu.cn/_redirect?siteId=452&columnId=30446&articleId=465148
nju-谢臻达-0384	谢臻达	电子科学与工程学院		http://ese.nju.edu.cn/_redirect?siteId=452&columnId=30446&articleId=465147
nju-邢钟文-0385	邢钟文	电子科学与工程学院		http://ese.nju.edu.cn/_redirect?siteId=452&columnId=30446&articleId=465146
nju-熊熠煌-0386	熊熠煌	电子科学与工程学院		http://ese.nju.edu.cn/_redirect?siteId=452&columnId=30446&articleId=793540
nju-修向前-0387	修向前	电子科学与工程学院		http://ese.nju.edu.cn/_redirect?siteId=452&columnId=30446&articleId=465144
nju-徐骏-0388	徐骏	电子科学与工程学院		http://ese.nju.edu.cn/_redirect?siteId=452&columnId=30446&articleId=465143
nju-徐岭-0389	徐岭	电子科学与工程学院		http://ese.nju.edu.cn/_redirect?siteId=452&columnId=30446&articleId=465141
nju-徐尉宗-0390	徐尉宗	电子科学与工程学院		http://ese.nju.edu.cn/_redirect?siteId=452&columnId=30446&articleId=464913
nju-闫锋-0391	闫锋	电子科学与工程学院		http://ese.nju.edu.cn/_redirect?siteId=452&columnId=30446&articleId=465140
nju-杨燚-0392	杨燚	电子科学与工程学院		http://ese.nju.edu.cn/_redirect?siteId=452&columnId=30446&articleId=465138
nju-叶建东-0393	叶建东	电子科学与工程学院		http://ese.nju.edu.cn/_redirect?siteId=452&columnId=30446&articleId=465136
nju-于耀-0394	于耀	电子科学与工程学院		http://ese.nju.edu.cn/_redirect?siteId=452&columnId=30446&articleId=465135
nju-余林蔚-0395	余林蔚	电子科学与工程学院		http://ese.nju.edu.cn/_redirect?siteId=452&columnId=30446&articleId=465134
nju-袁杰-0396	袁杰	电子科学与工程学院		http://ese.nju.edu.cn/_redirect?siteId=452&columnId=30446&articleId=465133
nju-岳涛-0397	岳涛	电子科学与工程学院		http://ese.nju.edu.cn/_redirect?siteId=452&columnId=30446&articleId=465132
nju-张彩虹-0398	张彩虹	电子科学与工程学院		http://ese.nju.edu.cn/_redirect?siteId=452&columnId=30446&articleId=465128
nju-张蜡宝-0399	张蜡宝	电子科学与工程学院		http://ese.nju.edu.cn/_redirect?siteId=452&columnId=30446&articleId=465127
nju-张丽敏-0400	张丽敏	电子科学与工程学院		http://ese.nju.edu.cn/_redirect?siteId=452&columnId=30446&articleId=465125
nju-张旭-0401	张旭	电子科学与工程学院		http://ese.nju.edu.cn/_redirect?siteId=452&columnId=30446&articleId=765946
nju-赵健-0402	赵健	电子科学与工程学院		http://ese.nju.edu.cn/_redirect?siteId=452&columnId=30446&articleId=465122
nju-赵俊明-0403	赵俊明	电子科学与工程学院		http://ese.nju.edu.cn/_redirect?siteId=452&columnId=30446&articleId=464837
nju-赵康僆-0404	赵康僆	电子科学与工程学院		http://ese.nju.edu.cn/_redirect?siteId=452&columnId=30446&articleId=464833
nju-赵清源-0405	赵清源	电子科学与工程学院		http://ese.nju.edu.cn/_redirect?siteId=452&columnId=30446&articleId=464825
nju-郑海荣-0406	郑海荣	电子科学与工程学院		http://ese.nju.edu.cn/_redirect?siteId=452&columnId=30446&articleId=771502
nju-郑有炓-0407	郑有炓	电子科学与工程学院		http://ese.nju.edu.cn/_redirect?siteId=452&columnId=30446&articleId=555527
nju-周峰-0408	周峰	电子科学与工程学院		http://ese.nju.edu.cn/_redirect?siteId=452&columnId=30446&articleId=801080
nju-周海波-0409	周海波	电子科学与工程学院		http://ese.nju.edu.cn/_redirect?siteId=452&columnId=30446&articleId=464821
nju-周余-0410	周余	电子科学与工程学院		http://ese.nju.edu.cn/_redirect?siteId=452&columnId=30446&articleId=464820
nju-周玉刚-0411	周玉刚	电子科学与工程学院		http://ese.nju.edu.cn/_redirect?siteId=452&columnId=30446&articleId=464819
nju-朱博-0412	朱博	电子科学与工程学院		http://ese.nju.edu.cn/_redirect?siteId=452&columnId=30446&articleId=464818
nju-朱广浩-0413	朱广浩	电子科学与工程学院		http://ese.nju.edu.cn/_redirect?siteId=452&columnId=30446&articleId=464817
nju-朱昊-0414	朱昊	电子科学与工程学院		http://ese.nju.edu.cn/_redirect?siteId=452&columnId=30446&articleId=765948
