nju-白正阳-0000	白正阳	物理学院-现代物理系		http://physics.nju.edu.cn/szdw/qbmd/20250904/i336335.html
nju-陈申见-0001	陈申见	物理学院-现代物理系		http://physics.nju.edu.cn/szdw/qbmd/20240321/i261970.html
nju-craigdroberts-0002	CraigD.Roberts	物理学院-现代物理系		http://physics.nju.edu.cn/szdw/qbmd/20240321/i261966.html
nju-崔著钫-0003	崔著钫	物理学院-现代物理系		http://physics.nju.edu.cn/szdw/qbmd/20240321/i261971.html
nju-丁明慧-0004	丁明慧	物理学院-现代物理系		http://physics.nju.edu.cn/szdw/qbmd/20250103/i306498.html
nju-金山-0005	金山	物理学院-现代物理系		http://physics.nju.edu.cn/szdw/qbmd/20240321/i261964.html
nju-雷群利-0006	雷群利	物理学院-现代物理系		http://physics.nju.edu.cn/szdw/qbmd/20240321/i261962.html
nju-刘锋-0007	刘锋	物理学院-现代物理系		http://physics.nju.edu.cn/szdw/qbmd/20240321/i261969.html
nju-刘奇-0008	刘奇	物理学院-现代物理系		http://physics.nju.edu.cn/szdw/qbmd/20260831/i414555.html
nju-刘佐伟-0009	刘佐伟	物理学院-现代物理系		http://physics.nju.edu.cn/szdw/qbmd/20240321/i261972.html
nju-李文飞-0010	李文飞	物理学院-现代物理系		http://physics.nju.edu.cn/szdw/qbmd/20240321/i261967.html
nju-马永亮-0011	马永亮	物理学院-现代物理系		http://physics.nju.edu.cn/szdw/qbmd/20260722/i406201.html
nju-马余强-0012	马余强	物理学院-现代物理系		http://physics.nju.edu.cn/szdw/qbmd/20240321/i261961.html
nju-闵天觉-0013	闵天觉	物理学院-现代物理系		http://physics.nju.edu.cn/szdw/qbmd/20240321/i261968.html
nju-任春来-0014	任春来	物理学院-现代物理系		http://physics.nju.edu.cn/szdw/qbmd/20240321/i261973.html
nju-王骏-0015	王骏	物理学院-现代物理系		http://physics.nju.edu.cn/szdw/qbmd/20240321/i261958.html
nju-王炜-0016	王炜	物理学院-现代物理系		http://physics.nju.edu.cn/szdw/qbmd/20240321/i261974.html
nju-夏力钢-0017	夏力钢	物理学院-现代物理系		http://physics.nju.edu.cn/szdw/qbmd/20240605/i267933.html
nju-许昌-0018	许昌	物理学院-现代物理系		http://physics.nju.edu.cn/szdw/qbmd/20240321/i261965.html
nju-薛斌-0019	薛斌	物理学院-现代物理系		http://physics.nju.edu.cn/szdw/qbmd/20240605/i267934.html
nju-张波-0020	张波	物理学院-现代物理系		http://physics.nju.edu.cn/szdw/qbmd/20240321/i261960.html
nju-张建-0021	张建	物理学院-现代物理系		http://physics.nju.edu.cn/szdw/qbmd/20240321/i261975.html
nju-张雷-0022	张雷	物理学院-现代物理系		http://physics.nju.edu.cn/szdw/qbmd/20240321/i261963.html
nju-张瑞-0023	张瑞	物理学院-现代物理系		http://physics.nju.edu.cn/szdw/qbmd/20250101/i306426.html
nju-朱涛-0024	朱涛	物理学院-现代物理系		http://physics.nju.edu.cn/szdw/qbmd/20240605/i267935.html
nju-安晋-0025	安晋	物理学院-物理学系		http://physics.nju.edu.cn/szdw/qbmd/20240321/i261996.html
nju-鲍嵩-0026	鲍嵩	物理学院-物理学系		http://physics.nju.edu.cn/szdw/qbmd/20240606/i267987.html
nju-曹庆琪-0027	曹庆琪	物理学院-物理学系		http://physics.nju.edu.cn/szdw/qbmd/20240321/i261997.html
nju-陈宫-0028	陈宫	物理学院-物理学系		http://physics.nju.edu.cn/szdw/qbmd/20240321/i262033.html
nju-陈伟-0029	陈伟	物理学院-物理学系		http://physics.nju.edu.cn/szdw/qbmd/20240321/i262036.html
nju-陈薇-0030	陈薇	物理学院-物理学系		http://physics.nju.edu.cn/szdw/qbmd/20240321/i262013.html
nju-戴耀民-0031	戴耀民	物理学院-物理学系		http://physics.nju.edu.cn/szdw/qbmd/20240321/i262016.html
nju-丁海峰-0032	丁海峰	物理学院-物理学系		http://physics.nju.edu.cn/szdw/qbmd/20240321/i262025.html
nju-都有为-0033	都有为	物理学院-物理学系		http://physics.nju.edu.cn/szdw/qbmd/20240321/i262009.html
nju-杜军-0034	杜军	物理学院-物理学系		http://physics.nju.edu.cn/szdw/qbmd/20240321/i262021.html
nju-杜灵杰-0035	杜灵杰	物理学院-物理学系		http://physics.nju.edu.cn/szdw/qbmd/20240321/i262022.html
nju-方涵彦-0036	方涵彦	物理学院-物理学系		http://physics.nju.edu.cn/szdw/qbmd/20250101/i306427.html
nju-法伟-0037	法伟	物理学院-物理学系		http://physics.nju.edu.cn/szdw/qbmd/20240321/i261983.html
nju-高力波-0038	高力波	物理学院-物理学系		http://physics.nju.edu.cn/szdw/qbmd/20240321/i261999.html
nju-龚昌德-0039	龚昌德	物理学院-物理学系		http://physics.nju.edu.cn/szdw/qbmd/20240321/i262007.html
nju-顾昭龙-0040	顾昭龙	物理学院-物理学系		http://physics.nju.edu.cn/szdw/qbmd/20260724/i406249.html
nju-黄璞-0041	黄璞	物理学院-物理学系		http://physics.nju.edu.cn/szdw/qbmd/20240321/i262039.html
nju-孔熙-0042	孔熙	物理学院-物理学系		http://physics.nju.edu.cn/szdw/qbmd/20240321/i262024.html
nju-李庆-0043	李庆	物理学院-物理学系		http://physics.nju.edu.cn/szdw/qbmd/20250910/i336863.html
nju-梁世军-0044	梁世军	物理学院-物理学系		http://physics.nju.edu.cn/szdw/qbmd/20240321/i261981.html
nju-李建新-0045	李建新	物理学院-物理学系		http://physics.nju.edu.cn/szdw/qbmd/20240321/i262041.html
nju-刘聪-0046	刘聪	物理学院-物理学系		http://physics.nju.edu.cn/szdw/qbmd/20260717/i402147.html
nju-刘尔富-0047	刘尔富	物理学院-物理学系		http://physics.nju.edu.cn/szdw/qbmd/20240321/i261994.html
nju-刘慧美-0048	刘慧美	物理学院-物理学系		http://physics.nju.edu.cn/szdw/qbmd/20250904/i336336.html
nju-刘俊明-0049	刘俊明	物理学院-物理学系		http://physics.nju.edu.cn/szdw/qbmd/20240321/i261984.html
nju-刘荣华-0050	刘荣华	物理学院-物理学系		http://physics.nju.edu.cn/szdw/qbmd/20250325/i310392.html
nju-卢毅-0051	卢毅	物理学院-物理学系		http://physics.nju.edu.cn/szdw/qbmd/20240321/i262000.html
nju-缪冰锋-0052	缪冰锋	物理学院-物理学系		http://physics.nju.edu.cn/szdw/qbmd/20240321/i262014.html
nju-缪峰-0053	缪峰	物理学院-物理学系		http://physics.nju.edu.cn/szdw/qbmd/20240321/i261985.html
nju-邵陆兵-0054	邵陆兵	物理学院-物理学系		http://physics.nju.edu.cn/szdw/qbmd/20240321/i262012.html
nju-沈斌-0055	沈斌	物理学院-物理学系		http://physics.nju.edu.cn/szdw/qbmd/20260420/i382546.html
nju-盛乐标-0056	盛乐标	物理学院-物理学系		http://physics.nju.edu.cn/szdw/qbmd/20240321/i262020.html
nju-盛利-0057	盛利	物理学院-物理学系		http://physics.nju.edu.cn/szdw/qbmd/20240321/i262023.html
nju-沈瑞-0058	沈瑞	物理学院-物理学系		http://physics.nju.edu.cn/szdw/qbmd/20240321/i261980.html
nju-宋凤麒-0059	宋凤麒	物理学院-物理学系		http://physics.nju.edu.cn/szdw/qbmd/20240321/i261993.html
nju-孙建-0060	孙建	物理学院-物理学系		http://physics.nju.edu.cn/szdw/qbmd/20240321/i262003.html
nju-孙亮-0061	孙亮	物理学院-物理学系		http://physics.nju.edu.cn/szdw/qbmd/20240321/i262040.html
nju-唐峰-0062	唐峰	物理学院-物理学系		http://physics.nju.edu.cn/szdw/qbmd/20240321/i261987.html
nju-汤怒江-0063	汤怒江	物理学院-物理学系		http://physics.nju.edu.cn/szdw/qbmd/20240321/i262031.html
nju-唐少龙-0064	唐少龙	物理学院-物理学系		http://physics.nju.edu.cn/szdw/qbmd/20240321/i262019.html
nju-谭新生-0065	谭新生	物理学院-物理学系		http://physics.nju.edu.cn/szdw/qbmd/20240321/i261977.html
nju-王伯根-0066	王伯根	物理学院-物理学系		http://physics.nju.edu.cn/szdw/qbmd/20240321/i261988.html
nju-王达-0067	王达	物理学院-物理学系		http://physics.nju.edu.cn/szdw/qbmd/20240321/i262002.html
nju-王广厚-0068	王广厚	物理学院-物理学系		http://physics.nju.edu.cn/szdw/qbmd/20240321/i261978.html
nju-王俊杰-0069	王俊杰	物理学院-物理学系		http://physics.nju.edu.cn/szdw/qbmd/20260717/i402146.html
nju-王雷-0070	王雷	物理学院-物理学系		http://physics.nju.edu.cn/szdw/qbmd/20240605/i267889.html
nju-王鹏飞-0071	王鹏飞	物理学院-物理学系		http://physics.nju.edu.cn/szdw/qbmd/20250904/i336333.html
nju-王强华-0072	王强华	物理学院-物理学系		http://physics.nju.edu.cn/szdw/qbmd/20240321/i261979.html
nju-王锐-0073	王锐	物理学院-物理学系		http://physics.nju.edu.cn/szdw/qbmd/20240321/i262038.html
nju-万贤纲-0074	万贤纲	物理学院-物理学系		http://physics.nju.edu.cn/szdw/qbmd/20240321/i262018.html
nju-闻海虎-0075	闻海虎	物理学院-物理学系		http://physics.nju.edu.cn/szdw/qbmd/20240321/i261989.html
nju-温锦生-0076	温锦生	物理学院-物理学系		http://physics.nju.edu.cn/szdw/qbmd/20240321/i262042.html
nju-吴镝-0077	吴镝	物理学院-物理学系		http://physics.nju.edu.cn/szdw/qbmd/20240321/i262034.html
nju-邢定钰-0078	邢定钰	物理学院-物理学系		http://physics.nju.edu.cn/szdw/qbmd/20240321/i262017.html
nju-奚啸翔-0079	奚啸翔	物理学院-物理学系		http://physics.nju.edu.cn/szdw/qbmd/20240321/i261986.html
nju-杨欢-0080	杨欢	物理学院-物理学系		http://physics.nju.edu.cn/szdw/qbmd/20240321/i262011.html
nju-颜志波-0081	颜志波	物理学院-物理学系		http://physics.nju.edu.cn/szdw/qbmd/20240321/i262037.html
nju-印沛然-0082	印沛然	物理学院-物理学系		http://physics.nju.edu.cn/szdw/qbmd/20260326/i370488.html
nju-游伟倩-0083	游伟倩	物理学院-物理学系		http://physics.nju.edu.cn/szdw/qbmd/20240321/i262029.html
nju-袁国文-0084	袁国文	物理学院-物理学系		http://physics.nju.edu.cn/szdw/qbmd/20240605/i267892.html
nju-于葛亮-0085	于葛亮	物理学院-物理学系		http://physics.nju.edu.cn/szdw/qbmd/20250615/i324029.html
nju-于顺利-0086	于顺利	物理学院-物理学系		http://physics.nju.edu.cn/szdw/qbmd/20240321/i262028.html
nju-于扬-0087	于扬	物理学院-物理学系		http://physics.nju.edu.cn/szdw/qbmd/20240321/i262006.html
nju-张谷-0088	张谷	物理学院-物理学系		http://physics.nju.edu.cn/szdw/qbmd/20250512/i315916.html
nju-张恩泽-0089	张恩泽	物理学院-物理学系		http://physics.nju.edu.cn/szdw/qbmd/20260326/i370486.html
nju-张海军-0090	张海军	物理学院-物理学系		http://physics.nju.edu.cn/szdw/qbmd/20240321/i261992.html
nju-章建辉-0091	章建辉	物理学院-物理学系		http://physics.nju.edu.cn/szdw/qbmd/20240321/i262035.html
nju-张鹏-0092	张鹏	物理学院-物理学系		http://physics.nju.edu.cn/szdw/qbmd/20240321/i262043.html
nju-张维-0093	张维	物理学院-物理学系		http://physics.nju.edu.cn/szdw/qbmd/20240321/i262032.html
nju-张翼-0094	张翼	物理学院-物理学系		http://physics.nju.edu.cn/szdw/qbmd/20240321/i262010.html
nju-张志勇-0095	张志勇	物理学院-物理学系		http://physics.nju.edu.cn/szdw/qbmd/20240321/i262027.html
nju-郑东-0096	郑东	物理学院-物理学系		http://physics.nju.edu.cn/szdw/qbmd/20240605/i267890.html
nju-周苑-0097	周苑	物理学院-物理学系		http://physics.nju.edu.cn/szdw/qbmd/20240321/i262008.html
nju-祝熙宇-0098	祝熙宇	物理学院-物理学系		http://physics.nju.edu.cn/szdw/qbmd/20240321/i262026.html
nju-邹文琴-0099	邹文琴	物理学院-物理学系		http://physics.nju.edu.cn/szdw/qbmd/20240321/i261995.html
nju-包春雄-0100	包春雄	物理学院-光电科学系		http://physics.nju.edu.cn/szdw/qbmd/20240321/i262080.html
nju-包觉明-0101	包觉明	物理学院-光电科学系		http://physics.nju.edu.cn/szdw/qbmd/20260326/i370487.html
nju-蔡宏灵-0102	蔡宏灵	物理学院-光电科学系		http://physics.nju.edu.cn/szdw/qbmd/20240321/i262052.html
nju-陈延彬-0103	陈延彬	物理学院-光电科学系		http://physics.nju.edu.cn/szdw/qbmd/20240321/i262072.html
nju-陈增兵-0104	陈增兵	物理学院-光电科学系		http://physics.nju.edu.cn/szdw/qbmd/20240321/i262064.html
nju-陈卓-0105	陈卓	物理学院-光电科学系		http://physics.nju.edu.cn/szdw/qbmd/20240321/i262068.html
nju-丁剑平-0106	丁剑平	物理学院-光电科学系		http://physics.nju.edu.cn/szdw/qbmd/20240321/i262056.html
nju-方芬珍-0107	方芬珍	物理学院-光电科学系		http://physics.nju.edu.cn/szdw/qbmd/20240321/i262075.html
nju-范仁浩-0108	范仁浩	物理学院-光电科学系		http://physics.nju.edu.cn/szdw/qbmd/20240321/i262076.html
nju-付帅-0109	付帅	物理学院-光电科学系		http://physics.nju.edu.cn/szdw/qbmd/20260724/i406248.html
nju-高小钦-0110	高小钦	物理学院-光电科学系		http://physics.nju.edu.cn/szdw/qbmd/20240606/i268023.html
nju-龚彦晓-0111	龚彦晓	物理学院-光电科学系		http://physics.nju.edu.cn/szdw/qbmd/20240321/i262053.html
nju-郝西萍-0112	郝西萍	物理学院-光电科学系		http://physics.nju.edu.cn/szdw/qbmd/20240321/i262090.html
nju-洪煦昊-0113	洪煦昊	物理学院-光电科学系		http://physics.nju.edu.cn/szdw/qbmd/20240321/i262054.html
nju-黄春玉-0114	黄春玉	物理学院-光电科学系		http://physics.nju.edu.cn/szdw/qbmd/20240321/i262062.html
nju-黄凤珍-0115	黄凤珍	物理学院-光电科学系		http://physics.nju.edu.cn/szdw/qbmd/20240321/i262067.html
nju-黄以能-0116	黄以能	物理学院-光电科学系		http://physics.nju.edu.cn/szdw/qbmd/20240321/i262098.html
nju-赖耘-0117	赖耘	物理学院-光电科学系		http://physics.nju.edu.cn/szdw/qbmd/20240321/i262069.html
nju-李绍春-0118	李绍春	物理学院-光电科学系		http://physics.nju.edu.cn/szdw/qbmd/20240321/i262058.html
nju-刘辉-0119	刘辉	物理学院-光电科学系		http://physics.nju.edu.cn/szdw/qbmd/20240321/i262082.html
nju-刘力哲-0120	刘力哲	物理学院-光电科学系		http://physics.nju.edu.cn/szdw/qbmd/20240321/i262061.html
nju-吕笑梅-0121	吕笑梅	物理学院-光电科学系		http://physics.nju.edu.cn/szdw/qbmd/20240321/i262084.html
nju-马国斌-0122	马国斌	物理学院-光电科学系		http://physics.nju.edu.cn/szdw/qbmd/20240321/i262087.html
nju-马小松-0123	马小松	物理学院-光电科学系		http://physics.nju.edu.cn/szdw/qbmd/20240321/i262050.html
nju-彭茹雯-0124	彭茹雯	物理学院-光电科学系		http://physics.nju.edu.cn/szdw/qbmd/20240321/i262071.html
nju-邱凯-0125	邱凯	物理学院-光电科学系		http://physics.nju.edu.cn/szdw/qbmd/20240321/i262093.html
nju-任志成-0126	任志成	物理学院-光电科学系		http://physics.nju.edu.cn/szdw/qbmd/20260516/i390168.html
nju-盛冲-0127	盛冲	物理学院-光电科学系		http://physics.nju.edu.cn/szdw/qbmd/20240321/i262046.html
nju-舒大军-0128	舒大军	物理学院-光电科学系		http://physics.nju.edu.cn/szdw/qbmd/20240321/i262083.html
nju-王冰-0129	王冰	物理学院-光电科学系		http://physics.nju.edu.cn/szdw/qbmd/20240321/i262096.html
nju-王慧田-0130	王慧田	物理学院-光电科学系		http://physics.nju.edu.cn/szdw/qbmd/20240321/i262059.html
nju-王牧-0131	王牧	物理学院-光电科学系		http://physics.nju.edu.cn/szdw/qbmd/20240321/i262060.html
nju-王强-0132	王强	物理学院-光电科学系		http://physics.nju.edu.cn/szdw/qbmd/20240321/i262057.html
nju-王漱明-0133	王漱明	物理学院-光电科学系		http://physics.nju.edu.cn/szdw/qbmd/20240321/i262085.html
nju-王晓勇-0134	王晓勇	物理学院-光电科学系		http://physics.nju.edu.cn/szdw/qbmd/20240321/i262044.html
nju-汪喜林-0135	汪喜林	物理学院-光电科学系		http://physics.nju.edu.cn/szdw/qbmd/20240321/i262081.html
nju-王振林-0136	王振林	物理学院-光电科学系		http://physics.nju.edu.cn/szdw/qbmd/20240321/i262063.html
nju-吴盛俊-0137	吴盛俊	物理学院-光电科学系		http://physics.nju.edu.cn/szdw/qbmd/20240605/i267895.html
nju-吴小山-0138	吴小山	物理学院-光电科学系		http://physics.nju.edu.cn/szdw/qbmd/20240321/i262078.html
nju-吴兴龙-0139	吴兴龙	物理学院-光电科学系		http://physics.nju.edu.cn/szdw/qbmd/20240321/i262055.html
nju-吴雪炜-0140	吴雪炜	物理学院-光电科学系		http://physics.nju.edu.cn/szdw/qbmd/20240321/i262065.html
nju-肖彦玲-0141	肖彦玲	物理学院-光电科学系		http://physics.nju.edu.cn/szdw/qbmd/20240321/i262051.html
nju-熊翔-0142	熊翔	物理学院-光电科学系		http://physics.nju.edu.cn/szdw/qbmd/20240321/i262066.html
nju-徐丹丹-0143	徐丹丹	物理学院-光电科学系		http://physics.nju.edu.cn/szdw/qbmd/20240321/i262091.html
nju-杨绍光-0144	杨绍光	物理学院-光电科学系		http://physics.nju.edu.cn/szdw/qbmd/20240321/i262073.html
nju-应学农-0145	应学农	物理学院-光电科学系		http://physics.nju.edu.cn/szdw/qbmd/20240321/i262095.html
nju-袁泉-0146	袁泉	物理学院-光电科学系		http://physics.nju.edu.cn/szdw/qbmd/20250904/i336332.html
nju-于涛-0147	于涛	物理学院-光电科学系		http://physics.nju.edu.cn/szdw/qbmd/20240321/i262045.html
nju-张春峰-0148	张春峰	物理学院-光电科学系		http://physics.nju.edu.cn/szdw/qbmd/20240321/i262094.html
nju-张涵-0149	张涵	物理学院-光电科学系		http://physics.nju.edu.cn/szdw/qbmd/20240321/i262089.html
nju-张琦-0150	张琦	物理学院-光电科学系		http://physics.nju.edu.cn/szdw/qbmd/20240321/i262086.html
nju-张若洋-0151	张若洋	物理学院-光电科学系		http://physics.nju.edu.cn/szdw/qbmd/20250904/i336331.html
nju-詹鹏-0152	詹鹏	物理学院-光电科学系		http://physics.nju.edu.cn/szdw/qbmd/20240321/i262074.html
nju-周勇-0153	周勇	物理学院-光电科学系		http://physics.nju.edu.cn/szdw/qbmd/20240321/i262097.html
nju-朱琳-0154	朱琳	物理学院-光电科学系		http://physics.nju.edu.cn/szdw/qbmd/20260326/i370490.html
nju-祝梅-0155	祝梅	物理学院-光电科学系		http://physics.nju.edu.cn/szdw/qbmd/20240321/i262092.html
nju-祝世宁-0156	祝世宁	物理学院-光电科学系		http://physics.nju.edu.cn/szdw/qbmd/20240321/i262079.html
nju-朱信华-0157	朱信华	物理学院-光电科学系		http://physics.nju.edu.cn/szdw/qbmd/20240321/i262077.html
nju-邹志刚-0158	邹志刚	物理学院-光电科学系		http://physics.nju.edu.cn/szdw/qbmd/20240321/i262099.html
nju-程建春-0159	程建春	物理学院-声科学与工程系		http://physics.nju.edu.cn/szdw/qbmd/20240321/i262122.html
nju-程营-0160	程营	物理学院-声科学与工程系		http://physics.nju.edu.cn/szdw/qbmd/20240321/i262115.html
nju-陈锴-0161	陈锴	物理学院-声科学与工程系		http://physics.nju.edu.cn/szdw/qbmd/20240321/i262124.html
nju-范理-0162	范理	物理学院-声科学与工程系		http://physics.nju.edu.cn/szdw/qbmd/20240321/i262113.html
nju-公勋-0163	公勋	物理学院-声科学与工程系		http://physics.nju.edu.cn/szdw/qbmd/20240321/i262103.html
nju-郭霞生-0164	郭霞生	物理学院-声科学与工程系		http://physics.nju.edu.cn/szdw/qbmd/20240321/i262119.html
nju-顾竹笑-0165	顾竹笑	物理学院-声科学与工程系		http://physics.nju.edu.cn/szdw/qbmd/20250904/i336334.html
nju-梁彬-0166	梁彬	物理学院-声科学与工程系		http://physics.nju.edu.cn/szdw/qbmd/20240321/i262126.html
nju-林志斌-0167	林志斌	物理学院-声科学与工程系		http://physics.nju.edu.cn/szdw/qbmd/20240321/i262128.html
nju-刘杰惠-0168	刘杰惠	物理学院-声科学与工程系		http://physics.nju.edu.cn/szdw/qbmd/20240321/i262105.html
nju-刘京京-0169	刘京京	物理学院-声科学与工程系		http://physics.nju.edu.cn/szdw/qbmd/20250904/i336338.html
nju-刘晓峻-0170	刘晓峻	物理学院-声科学与工程系		http://physics.nju.edu.cn/szdw/qbmd/20240321/i262102.html
nju-刘晓宙-0171	刘晓宙	物理学院-声科学与工程系		http://physics.nju.edu.cn/szdw/qbmd/20240321/i262101.html
nju-刘翊贤-0172	刘翊贤	物理学院-声科学与工程系		http://physics.nju.edu.cn/szdw/qbmd/20240605/i267894.html
nju-龙厚友-0173	龙厚友	物理学院-声科学与工程系		http://physics.nju.edu.cn/szdw/qbmd/20260420/i382545.html
nju-卢晶-0174	卢晶	物理学院-声科学与工程系		http://physics.nju.edu.cn/szdw/qbmd/20240321/i262123.html
nju-沈勇-0175	沈勇	物理学院-声科学与工程系		http://physics.nju.edu.cn/szdw/qbmd/20240321/i262121.html
nju-陶超-0176	陶超	物理学院-声科学与工程系		http://physics.nju.edu.cn/szdw/qbmd/20240321/i262125.html
nju-陶建成-0177	陶建成	物理学院-声科学与工程系		http://physics.nju.edu.cn/szdw/qbmd/20240321/i262116.html
nju-屠娟-0178	屠娟	物理学院-声科学与工程系		http://physics.nju.edu.cn/szdw/qbmd/20240321/i262108.html
nju-王淑萍-0179	王淑萍	物理学院-声科学与工程系		http://physics.nju.edu.cn/szdw/qbmd/20240321/i262104.html
nju-王新龙-0180	王新龙	物理学院-声科学与工程系		http://physics.nju.edu.cn/szdw/qbmd/20240321/i262118.html
nju-薛金佩-0181	薛金佩	物理学院-声科学与工程系		http://physics.nju.edu.cn/szdw/qbmd/20240321/i262107.html
nju-徐晓东-0182	徐晓东	物理学院-声科学与工程系		http://physics.nju.edu.cn/szdw/qbmd/20240321/i262114.html
nju-杨京-0183	杨京	物理学院-声科学与工程系		http://physics.nju.edu.cn/szdw/qbmd/20240321/i262120.html
nju-杨跃涛-0184	杨跃涛	物理学院-声科学与工程系		http://physics.nju.edu.cn/szdw/qbmd/20240321/i262100.html
nju-章东-0185	章东	物理学院-声科学与工程系		http://physics.nju.edu.cn/szdw/qbmd/20240321/i262110.html
nju-张淑仪-0186	张淑仪	物理学院-声科学与工程系		http://physics.nju.edu.cn/szdw/qbmd/20240321/i262117.html
nju-张志旺-0187	张志旺	物理学院-声科学与工程系		http://physics.nju.edu.cn/szdw/qbmd/20240321/i262112.html
nju-钟家鑫-0188	钟家鑫	物理学院-声科学与工程系		http://physics.nju.edu.cn/szdw/qbmd/20260326/i370491.html
nju-邹欣晔-0189	邹欣晔	物理学院-声科学与工程系		http://physics.nju.edu.cn/szdw/qbmd/20240321/i262127.html
nju-陈建军-0190	陈建军	物理学院-基础物理教学中心		http://physics.nju.edu.cn/szdw/qbmd/20240321/i262139.html
nju-丁宁-0191	丁宁	物理学院-基础物理教学中心		http://physics.nju.edu.cn/szdw/qbmd/20260904/i415587.html
nju-高惠滨-0192	高惠滨	物理学院-基础物理教学中心		http://physics.nju.edu.cn/szdw/qbmd/20240321/i262146.html
nju-龚国斌-0193	龚国斌	物理学院-基础物理教学中心		http://physics.nju.edu.cn/szdw/qbmd/20240321/i262135.html
nju-顾军-0194	顾军	物理学院-基础物理教学中心		http://physics.nju.edu.cn/szdw/qbmd/20240321/i262144.html
nju-江洪建-0195	江洪建	物理学院-基础物理教学中心		http://physics.nju.edu.cn/szdw/qbmd/20240321/i262145.html
nju-李世民-0196	李世民	物理学院-基础物理教学中心		http://physics.nju.edu.cn/szdw/qbmd/20240321/i262149.html
nju-刘先昆-0197	刘先昆	物理学院-基础物理教学中心		http://physics.nju.edu.cn/szdw/qbmd/20240321/i262136.html
nju-潘永华-0198	潘永华	物理学院-基础物理教学中心		http://physics.nju.edu.cn/szdw/qbmd/20240321/i262133.html
nju-唐涛-0199	唐涛	物理学院-基础物理教学中心		http://physics.nju.edu.cn/szdw/qbmd/20240605/i267897.html
nju-王寅龙-0200	王寅龙	物理学院-基础物理教学中心		http://physics.nju.edu.cn/szdw/qbmd/20240605/i267938.html
nju-万建国-0201	万建国	物理学院-基础物理教学中心		http://physics.nju.edu.cn/szdw/qbmd/20240321/i262005.html
nju-肖林-0202	肖林	物理学院-基础物理教学中心		http://physics.nju.edu.cn/szdw/qbmd/20240321/i262131.html
nju-肖明文-0203	肖明文	物理学院-基础物理教学中心		http://physics.nju.edu.cn/szdw/qbmd/20240605/i267898.html
nju-杨水仙-0204	杨水仙	物理学院-基础物理教学中心		http://physics.nju.edu.cn/szdw/qbmd/20260516/i390163.html
nju-游彪-0205	游彪	物理学院-基础物理教学中心		http://physics.nju.edu.cn/szdw/qbmd/20240605/i267900.html
nju-张瑞利-0206	张瑞利	物理学院-基础物理教学中心		http://physics.nju.edu.cn/szdw/qbmd/20240605/i267901.html
nju-郑之明-0207	郑之明	物理学院-基础物理教学中心		http://physics.nju.edu.cn/szdw/qbmd/20240321/i262130.html
nju-周非-0208	周非	物理学院-基础物理教学中心		http://physics.nju.edu.cn/szdw/qbmd/20240321/i262137.html
nju-周惠君-0209	周惠君	物理学院-基础物理教学中心		http://physics.nju.edu.cn/szdw/qbmd/20240321/i262148.html
nju-邹迎-0210	邹迎	物理学院-基础物理教学中心		http://physics.nju.edu.cn/szdw/qbmd/20240321/i262142.html
nju-董屹威-0211	董屹威	物理学院-院直属		http://physics.nju.edu.cn/szdw/qbmd/20240605/i267883.html
nju-郭瑞芬-0212	郭瑞芬	物理学院-院直属		http://physics.nju.edu.cn/szdw/qbmd/20240605/i267875.html
nju-胡羽晴-0213	胡羽晴	物理学院-院直属		http://physics.nju.edu.cn/szdw/qbmd/20260723/i406209.html
nju-鞠艳-0214	鞠艳	物理学院-院直属		http://physics.nju.edu.cn/szdw/qbmd/20240605/i267878.html
nju-李岩-0215	李岩	物理学院-院直属		http://physics.nju.edu.cn/szdw/qbmd/20250910/i336866.html
nju-李世敏-0216	李世敏	物理学院-院直属		http://physics.nju.edu.cn/szdw/qbmd/20240605/i267877.html
nju-刘洁-0217	刘洁	物理学院-院直属		http://physics.nju.edu.cn/szdw/qbmd/20240605/i267882.html
nju-刘金生-0218	刘金生	物理学院-院直属		http://physics.nju.edu.cn/szdw/qbmd/20240605/i267881.html
nju-唐洁-0219	唐洁	物理学院-院直属		http://physics.nju.edu.cn/szdw/qbmd/20240321/i262138.html
nju-汪皓晨-0220	汪皓晨	物理学院-院直属		http://physics.nju.edu.cn/szdw/qbmd/20260723/i406210.html
nju-王竞-0221	王竞	物理学院-院直属		http://physics.nju.edu.cn/szdw/qbmd/20240605/i267884.html
nju-汪庆喜-0222	汪庆喜	物理学院-院直属		http://physics.nju.edu.cn/szdw/qbmd/20240605/i267874.html
nju-王玉婷-0223	王玉婷	物理学院-院直属		http://physics.nju.edu.cn/szdw/qbmd/20240605/i267885.html
nju-吴迪-0224	吴迪	物理学院-院直属		http://physics.nju.edu.cn/szdw/qbmd/20240605/i267886.html
nju-谢亚玲-0225	谢亚玲	物理学院-院直属		http://physics.nju.edu.cn/szdw/qbmd/20240605/i267888.html
nju-燕晓莹-0226	燕晓莹	物理学院-院直属		http://physics.nju.edu.cn/szdw/qbmd/20240605/i267880.html
nju-张文俊-0227	张文俊	物理学院-院直属		http://physics.nju.edu.cn/szdw/qbmd/20240321/i262134.html
nju-张雄祚-0228	张雄祚	物理学院-院直属		http://physics.nju.edu.cn/szdw/qbmd/20240605/i267872.html
nju-张宇瑶-0229	张宇瑶	物理学院-院直属		http://physics.nju.edu.cn/szdw/qbmd/20250904/i336337.html
nju-张志云-0230	张志云	物理学院-院直属		http://physics.nju.edu.cn/szdw/qbmd/20240321/i262132.html
nju-郑胜钧-0231	郑胜钧	物理学院-院直属		http://physics.nju.edu.cn/szdw/qbmd/20240605/i267879.html
nju-周舜华-0232	周舜华	物理学院-院直属		http://physics.nju.edu.cn/szdw/qbmd/20240605/i267876.html
